CITY_MARKET_ID,value,AIRPORT,CITY_NAME
30977,0.010984750176246528,"{'LOT', 'DPA', 'ORD', 'GYY', 'MDW', 'PWK'}","{'Gary, IN', 'Chicago/Romeoville, IL', 'Chicago, IL'}"
31703,0.010758893606961783,"{'EWR', 'HPN', 'LGA', 'JRA', 'TSS', 'ISP', 'SWF', 'JFK', 'JRB'}","{'Islip, NY', 'White Plains, NY', 'Newark, NJ', 'Newburgh/Poughkeepsie, NY', 'New York, NY'}"
30852,0.010625380658092397,"{'BWI', 'MTN', 'DCA', 'IAD'}","{'Baltimore, MD', 'Washington, DC'}"
30397,0.010387035815577471,"{'FTY', 'ATL', 'QMA', 'PDK'}","{'Kennesaw, GA', 'Atlanta, GA'}"
30194,0.010314883695353804,"{'ADS', 'DFW', 'FTW', 'RBD', 'DAL', 'AFW', 'FWH'}","{'Fort Worth, TX', 'Dallas/Fort Worth, TX', 'Dallas, TX'}"
31057,0.009853837353870916,{'CLT'},"{'Charlotte, NC'}"
30325,0.009808573506656423,"{'BFK', 'DEN', 'APA'}","{'Denver, CO', 'Aurora, CO'}"
32575,0.009785252410160174,"{'LAX', 'LGB', 'ONT', 'HHR', 'SNA', 'BUR', 'VNY', 'SMO'}","{'Hawthorne, CA', 'Ontario, CA', 'Burbank, CA', 'Long Beach, CA', 'Santa Ana, CA', 'Los Angeles, CA', 'Van Nuys, CA', 'Santa Monica, CA'}"
32467,0.00957369069757067,"{'OPF', 'MPB', 'MIA', 'TMB', 'FLL', 'FXE'}","{'Miami, FL', 'Fort Lauderdale, FL'}"
31453,0.009558250382297406,"{'IAH', 'EFD', 'HOU', 'JDX', 'DWH'}","{'Houston, TX'}"
31650,0.00946928930563287,"{'MN7', 'MSP', 'STP', 'FCM'}","{'Minneapolis/St. Paul, MN', 'Minneapolis, MN'}"
30693,0.009458567635524912,"{'BNA', 'TN8'}","{'Nashville, TN'}"
30466,0.00937230673816142,"{'PHX', 'AZA', 'AZ3', 'DVT', 'SCF', 'GYR'}","{'Goodyear, AZ', 'Glendale, AZ', 'Phoenix, AZ'}"
32211,0.009222402669556552,"{'HSH', 'LAS', 'LSV'}","{'Las Vegas, NV'}"
33195,0.009161267567324074,"{'LAL', 'TPA', 'PIE'}","{'Lakeland, FL', 'Tampa, FL', 'St. Petersburg, FL'}"
31295,0.009142064040128297,"{'DTW', 'DET', 'YIP'}","{'Detroit, MI'}"
32457,0.009042417099590545,"{'SFO', 'SJC', 'OAK', 'CCR'}","{'San Jose, CA', 'Concord, CA', 'Oakland, CA', 'San Francisco, CA'}"
30198,0.009013209150306909,"{'AGC', 'PIT', 'PA6'}","{'Pittsburgh, PA'}"
30721,0.00900326227396963,"{'MHT', 'PVD', 'BOS'}","{'Manchester, NH', 'Providence, RI', 'Boston, MA'}"
34100,0.008954873415008247,"{'WKV', 'PHL', 'PNE', 'P2A'}","{'Philadelphia, PA'}"
31454,0.008813434078383543,"{'MCO', 'ORL', 'ISM'}","{'Orlando, FL'}"
34492,0.00855720634029485,{'RDU'},"{'Raleigh/Durham, NC'}"
31066,0.008543404593134839,"{'LCK', 'OSU', 'CMH'}","{'Columbus, OH'}"
32337,0.008474704072482736,"{'IND', 'IN2', 'MQJ'}","{'Indianapolis, IN'}"
33244,0.00844466665540399,"{'NQA', 'MEM'}","{'Memphis, TN', 'Millington, TN'}"
34614,0.00842868415524831,{'SLC'},"{'Salt Lake City, UT'}"
31123,0.008370359453966457,"{'CPS', 'STL', 'SUS', 'ALN'}","{'Alton, IL', 'St. Louis, MO'}"
33198,0.008249558347833244,"{'MKC', 'MCI'}","{'Kansas City, MO'}"
30559,0.008243325307782878,"{'SEA', 'BFI', 'KEH', 'LKE'}","{'Kenmore, WA', 'Seattle, WA'}"
30647,0.008223470677535703,"{'CGF', 'CLE', 'CAK', 'BKL'}","{'Cleveland, OH', 'Akron, OH'}"
30423,0.008078305879148633,"{'T4X', 'AUS'}","{'Austin, TX'}"
33214,0.008077899030464488,"{'SAT', 'SKF'}","{'San Antonio, TX'}"
33570,0.008076498130819142,"{'SEE', 'NKX', 'NZY', 'SAN', 'SDM', 'MYF'}","{'San Diego, CA'}"
33495,0.007982917909859073,"{'MSY', 'NEW'}","{'New Orleans, LA'}"
30615,0.00781908915630342,"{'ELP', 'BIF'}","{'El Paso, TX'}"
33342,0.007781700202902357,{'MKE'},"{'Milwaukee, WI'}"
34057,0.007708326967324455,{'PDX'},"{'Portland, OR'}"
33316,0.0075984114382736615,"{'OFF', 'OMA'}","{'Omaha, NE'}"
33851,0.007575317730406076,"{'TIK', 'PWA', 'OKC'}","{'Oklahoma City, OK'}"
33105,0.00750823196910283,"{'LUK', 'CVG'}","{'Cincinnati, OH'}"
30529,0.007423426042206455,"{'BDL', 'HFD'}","{'Hartford, CT'}"
30140,0.007419427745930378,{'ABQ'},"{'Albuquerque, NM'}"
31136,0.007391763502411438,"{'NIP', 'VQQ', 'JAX', 'CRG'}","{'Jacksonville, FL'}"
33044,0.0073826596476425956,{'SDF'},"{'Louisville, KY'}"
31714,0.0072622647867562245,"{'FMY', 'RSW'}","{'Fort Myers, FL'}"
33192,0.007250443897061595,"{'MCC', 'MHR', 'SMF', 'SAC'}","{'Sacramento, CA'}"
30792,0.007217102183978563,{'BUF'},"{'Buffalo, NY'}"
30599,0.0071438504954338105,{'BHM'},"{'Birmingham, AL'}"
35167,0.007139587757914196,{'TEB'},"{'Teterboro, NJ'}"
33667,0.007084387374342869,"{'ORF', 'NGU', 'LFI', 'VA9', 'PHF'}","{'Newport News/Hampton, VA', 'Norfolk, VA', 'Newport News/Williamsburg, VA'}"
30436,0.006931555752546449,"{'TUS', 'AVW', 'DMA'}","{'Tucson, AZ'}"
30257,0.006927112398035702,{'ALB'},"{'Albany, NY'}"
30994,0.00692564496185703,{'CHS'},"{'Charleston, SC'}"
31986,0.006867729839279874,{'GRR'},"{'Grand Rapids, MI'}"
34570,0.006793280188540729,{'RNO'},"{'Reno, NV'}"
34819,0.0067448388692214365,"{'SJU', 'SIG'}","{'San Juan, PR'}"
34653,0.006587149778563698,{'TUL'},"{'Tulsa, OK'}"
30713,0.006498654981945749,{'BOI'},"{'Boise, ID'}"
30590,0.006495158031505329,{'IFP'},"{'Bullhead City, AZ'}"
32896,0.006464451908197192,{'LBB'},"{'Lubbock, TX'}"
34761,0.00646003454073009,{'SFB'},"{'Sanford, FL'}"
34027,0.006444107829997811,{'PBI'},"{'West Palm Beach/Palm Beach, FL'}"
34576,0.006358483099060417,{'ROC'},"{'Rochester, NY'}"
32600,0.006076459376329615,{'LIT'},"{'Little Rock, AR'}"
31423,0.005982722556101544,{'DSM'},"{'Des Moines, IA'}"
33158,0.005941625234200715,{'MAF'},"{'Midland/Odessa, TX'}"
34524,0.005892194503787077,"{'VA8', 'RIC', 'VA5'}","{'Richmond, VA'}"
34321,0.00584979857489114,{'PWM'},"{'Portland, ME'}"
31973,0.005797122885325229,{'GPT'},"{'Gulfport/Biloxi, MS'}"
31871,0.005757454421814671,"{'GDC', 'GSP'}","{'Greer, SC', 'Greenville, SC'}"
31884,0.005687925142063676,{'GEG'},"{'Spokane, WA'}"
30928,0.005207905545632637,"{'IAB', 'ICT'}","{'Wichita, KS'}"
32206,0.005024065479749054,{'HRL'},"{'Harlingen/San Benito, TX'}"
30540,0.004954576083702131,{'BED'},"{'Bedford, MA'}"
31481,0.004915553477815973,"{'PAM', 'ECP'}","{'Panama City, FL'}"
33728,0.004859212414737023,{'PNS'},"{'Pensacola, FL'}"
30279,0.004811123519221597,{'AMA'},"{'Amarillo, TX'}"
31140,0.004565608961847326,{'CRP'},"{'Corpus Christi, TX'}"
34696,0.00428437240629554,{'SBN'},"{'South Bend, IN'}"
33485,0.0042725483458956924,{'MSN'},"{'Madison, WI'}"
31135,0.004188757332168621,"{'CRE', 'MYR'}","{'Myrtle Beach, SC'}"
35412,0.0041842709434646245,{'TYS'},"{'Knoxville, TN'}"
35096,0.004147113385907334,{'SYR'},"{'Syracuse, NY'}"
31995,0.004093563322381545,{'GSO'},"{'Greensboro/High Point, NC'}"
30158,0.004038266344974784,{'ACY'},"{'Atlantic City, NJ'}"
35356,0.003988122207568149,{'TTN'},"{'Trenton, NJ'}"
31834,0.0038302987314991015,"{'FYV', 'XNA'}","{'Fayetteville, AR'}"
32070,0.0037495978394557843,"{'HAR', 'MDT'}","{'Harrisburg, PA'}"
34685,0.0036475648458558253,"{'SAV', 'SVN'}","{'Savannah, GA'}"
31267,0.0036064527481965824,"{'MGY', 'FFO', 'DAY'}","{'Dayton, OH'}"
31721,0.0035242800938415537,{'FNT'},"{'Flint, MI'}"
34262,0.0034464443822858643,"{'UDD', 'TRM', 'PSP'}","{'Bermuda Dunes, CA', 'Thermal, CA', 'Palm Springs, CA'}"
30868,0.0034176400651689076,"{'CAE', 'MMT'}","{'Columbia, SC'}"
32945,0.003239403298777659,{'LEX'},"{'Lexington, KY'}"
33461,0.0032280827577996886,{'MQY'},"{'Smyrna, TN'}"
31003,0.0032188256771211797,{'CID'},"{'Cedar Rapids/Iowa City, IA'}"
33830,0.0031618158319607044,{'OGG'},"{'Kahului, HI'}"
34082,0.0031455915104296036,{'PGD'},"{'Punta Gorda, FL'}"
30849,0.0031428300985002315,{'BZN'},"{'Bozeman, MT'}"
34986,0.0031353847430832466,{'SRQ'},"{'Sarasota/Bradenton, FL'}"
31775,0.0028294795131057265,{'FSD'},"{'Sioux Falls, SD'}"
35249,0.0028261977477416623,{'TLH'},"{'Tallahassee, FL'}"
30189,0.0027953854426428725,{'COS'},"{'Colorado Springs, CO'}"
32134,0.0027864858303578853,"{'HIK', 'HNL'}","{'Honolulu, HI'}"
31563,0.002766123359880538,{'ENV'},"{'Wendover, UT'}"
31603,0.0027571319071300524,{'EUG'},"{'Eugene, OR'}"
34275,0.0026759674508576993,{'PTK'},"{'Pontiac, MI'}"
34783,0.002657343068138381,{'SGF'},"{'Springfield, MO'}"
31977,0.0026522990956662396,{'GRB'},"{'Green Bay, WI'}"
30581,0.0026240118412905957,{'BGR'},"{'Bangor, ME'}"
34689,0.002589215921426672,{'SBA'},"{'Santa Barbara, CA'}"
30135,0.0025796878381036032,{'ABE'},"{'Allentown/Bethlehem/Easton, PA'}"
30781,0.0025431525690830605,{'BTR'},"{'Baton Rouge, LA'}"
31504,0.002542540640968653,{'VPS'},"{'Valparaiso, FL'}"
31503,0.0025398926578544577,{'EGE'},"{'Eagle, CO'}"
31823,0.00244902003688818,{'FWA'},"{'Fort Wayne, IN'}"
32884,0.0024158980483804044,{'LAN'},"{'Lansing, MI'}"
30990,0.002410960852271822,{'CHO'},"{'Charlottesville, VA'}"
30785,0.0023784066893748714,{'BTV'},"{'Burlington, VT'}"
30185,0.002355354189654124,"{'AEX', 'ESF'}","{'Alexandria, LA'}"
31638,0.002334877692529544,{'FAT'},"{'Fresno, CA'}"
34699,0.0023059677910587245,{'HDN'},"{'Hayden, CO'}"
31049,0.0022851668923549863,{'CLL'},"{'College Station/Bryan, TX'}"
31027,0.0022541968454640538,{'CKB'},"{'Clarksburg/Fairmont, WV'}"
31624,0.002241978798854634,"{'NQX', 'EYW'}","{'Key West, FL'}"
32448,0.0022299053108545508,"{'JAN', 'HKS'}","{'Jackson/Vicksburg, MS', 'Jackson, MS'}"
30980,0.0022184262633431957,{'CHA'},"{'Chattanooga, TN'}"
34574,0.0022120578620680002,{'ROA'},"{'Roanoke, VA'}"
30299,0.0021987638715338146,"{'MRI', 'EDF', 'ANC', 'DQL'}","{'Anchorage, AK'}"
31764,0.0021644028543761932,{'FRG'},"{'East Farmingdale, NY'}"
31637,0.002149599140217635,{'FAR'},"{'Fargo, ND'}"
31728,0.0021390444816397343,{'FOK'},"{'Westhampton, NY'}"
33486,0.002134459852042434,{'MSO'},"{'Missoula, MT'}"
30434,0.002082550449035868,{'AVP'},"{'Scranton/Wilkes-Barre, PA'}"
30476,0.0020363421680584287,"{'SHV', 'BAD'}","{'Shreveport, LA'}"
32441,0.00202725042170625,{'JAC'},"{'Jackson, WY'}"
33029,0.001992533078049586,{'LNK'},"{'Lincoln, NE'}"
33367,0.0019719716555084603,{'MLI'},"{'Moline, IL'}"
32544,0.001966916707993301,{'USA'},"{'Concord, NC'}"
34108,0.0019133643583647835,{'PIA'},"{'Peoria, IL'}"
30372,0.0019081565650353992,{'ASE'},"{'Aspen, CO'}"
30620,0.0018918926826236465,{'BIL'},"{'Billings, MT'}"
34457,0.0018736979268626707,"{'RCA', 'RAP'}","{'Rapid City, SD'}"
35165,0.0018110521051930989,{'TOL'},"{'Toledo, OH'}"
32878,0.0017816216986102523,{'LAF'},"{'Lafayette, IN'}"
33256,0.0017617123600720686,{'MFE'},"{'Mission/McAllen/Edinburg, TX'}"
30255,0.0017611700647122473,"{'HSV', 'AL3'}","{'Huntsville, AL'}"
30208,0.0017257680102399917,{'AGS'},"{'Augusta, GA'}"
30154,0.0017037541535710984,{'ACK'},"{'Nantucket, MA'}"
34711,0.0016961345319206082,{'SCE'},"{'State College, PA'}"
33277,0.0016934997128831386,"{'MGM', 'MXF'}","{'Montgomery, AL'}"
31067,0.0016750911766449117,{'CMI'},"{'Champaign/Urbana, IL'}"
32758,0.0016733629481354326,{'KOA'},"{'Kona, HI'}"
30408,0.0016619934540702832,{'ATW'},"{'Appleton, WI'}"
33502,0.0016577604425753662,{'MTJ'},"{'Montrose/Delta, CO'}"
32323,0.00164359951680125,{'ILM'},"{'Wilmington, NC'}"
30562,0.0016325292867909397,"{'BFM', 'MOB'}","{'Mobile, AL'}"
31146,0.0016159237721833793,{'CRW'},"{'Charleston/Dunbar, WV'}"
32474,0.0016031009994450034,{'COU'},"{'Columbia, MO'}"
31953,0.0015698662789799594,{'GNV'},"{'Gainesville, FL'}"
30431,0.0015319134100553295,{'AVL'},"{'Asheville, NC'}"
31648,0.0014690837436241136,{'FCA'},"{'Kalispell, MT'}"
32223,0.001466162409258741,{'HTS'},"{'Ashland, WV'}"
31252,0.001452009160065996,{'DAB'},"{'Daytona Beach, FL'}"
30155,0.001447906472618876,{'ACT'},"{'Waco, TX'}"
31726,0.001420938523731302,{'FOE'},"{'Topeka, KS'}"
34945,0.0014155773114147155,"{'STT', 'SPB'}","{'Charlotte Amalie, VI'}"
35153,0.0013708057995561538,{'TCL'},"{'Tuscaloosa, AL'}"
33398,0.0013613578412102574,{'MMU'},"{'Morristown, NJ'}"
31641,0.0013588753196696203,"{'FAY', 'POB'}","{'Fayetteville, NC'}"
30627,0.0013392349659392857,{'BIS'},"{'Bismarck/Mandan, ND'}"
35447,0.0013221596281285072,{'UGN'},"{'Waukegan, IL'}"
32982,0.0013063990000394586,{'LIH'},"{'Lihue, HI'}"
30685,0.0012961831133786036,{'BMI'},"{'Bloomington/Normal, IL'}"
34922,0.001294491377100698,"{'MRY', 'SNS'}","{'Salinas/Monterey, CA', 'Monterey, CA'}"
33933,0.0012820945149562698,{'ORH'},"{'Worcester, MA'}"
32244,0.0012817186950207695,{'HVN'},"{'New Haven, CT'}"
34252,0.0012619222543888767,{'PSC'},"{'Pasco/Kennewick/Richland, WA'}"
30666,0.0012575572741303216,{'BLI'},"{'Bellingham, WA'}"
32397,0.0012498953955982718,{'ITH'},"{'Ithaca/Cortland, NY'}"
32547,0.0012381698170619532,{'RST'},"{'Rochester, MN'}"
32951,0.0012373441658997753,{'LFT'},"{'Lafayette, LA'}"
30327,0.001236601173433229,{'APC'},"{'Napa, CA'}"
31921,0.0012327549519848904,{'GJT'},"{'Grand Junction, CO'}"
34092,0.0011932686815301697,{'PGV'},"{'Greenville, NC'}"
31612,0.001189585211991218,{'EVV'},"{'Evansville, IN'}"
34512,0.0011894384093729578,{'RFD'},"{'Rockford, IL'}"
31898,0.0011829287416542742,{'GFK'},"{'Grand Forks, ND'}"
35380,0.0011771640058365154,{'TVC'},"{'Traverse City, MI'}"
35323,0.0011771007595149654,{'TRI'},"{'Bristol/Johnson City/Kingsport, TN'}"
30683,0.0011232812707505854,{'BMG'},"{'Bloomington, IN'}"
34314,0.0011225360296516734,{'PVU'},"{'Provo, UT'}"
31537,0.0011151477048855867,{'ELM'},"{'Elmira/Corning, NY'}"
31895,0.0011146271821627545,{'GTF'},"{'Great Falls, MT'}"
30329,0.0011033626936544486,{'APF'},"{'Naples, FL'}"
30731,0.0010981859440709557,"{'SSI', 'BQK'}","{'Brunswick, GA'}"
33290,0.001096559415345707,{'MHK'},"{'Manhattan/Ft. Riley, KS'}"
33127,0.001085326635009994,{'LWS'},"{'Lewiston, ID'}"
34025,0.00108323356562665,{'PBG'},"{'Plattsburgh, NY'}"
33264,0.0010803003849127158,{'MFR'},"{'Medford, OR'}"
30519,0.0010761828684806686,{'BCT'},"{'Boca Raton, FL'}"
32898,0.001075055290811745,{'LBE'},"{'Latrobe, PA'}"
34433,0.0010524785450774636,{'STS'},"{'Santa Rosa, CA'}"
31577,0.0010508295645364554,{'ERI'},"{'Erie, PA'}"
30469,0.001050158107698993,{'AZO'},"{'Kalamazoo, MI'}"
31041,0.0010423639101895684,{'CLD'},"{'Carlsbad, CA'}"
35041,0.001040733806226589,{'SUN'},"{'Sun Valley/Hailey/Ketchum, ID'}"
32265,0.0010259318001286455,{'IAG'},"{'Niagara Falls, NY'}"
35628,0.0010151425075106593,{'VRB'},"{'Vero Beach, FL'}"
30424,0.0010042373720560477,"{'CWA', 'AUW', 'STE'}","{'Stevens Point, WI', 'Wausau, WI', 'Mosinee, WI'}"
34236,0.00098955205544185,"{'PRB', 'SBP'}","{'Paso Robles, CA', 'San Luis Obispo, CA'}"
32348,0.0009754846216472158,{'INT'},"{'Winston-Salem, NC'}"
30894,0.0009676471628954344,{'GTR'},"{'Columbus, MS'}"
33121,0.0009664484113652374,{'LWB'},"{'Lewisburg, WV'}"
34802,0.0009593072815467812,{'SHD'},"{'Staunton, VA'}"
33377,0.0009529321750297514,{'MLU'},"{'Monroe, LA'}"
33541,0.0009498991492142133,{'MVY'},"{""Martha's Vineyard, MA""}"
32280,0.0009435535613962563,{'IDA'},"{'Idaho Falls, ID'}"
34254,0.0009350972079378076,{'PSE'},"{'Ponce, PR'}"
30216,0.0009332549891184842,{'AHN'},"{'Athens, GA'}"
34259,0.0009165542516752773,{'PSM'},"{'Portsmouth, NH'}"
30676,0.0008949391503307898,{'BLV'},"{'Belleville, IL'}"
33360,0.0008915237676949437,{'MLB'},"{'Melbourne, FL'}"
33038,0.0008868870216712998,{'LRD'},"{'Laredo, TX'}"
34454,0.0008862278885998928,{'RIV'},"{'Riverside, CA'}"
34530,0.0008843072928186121,{'RIL'},"{'Rifle, CO'}"
36353,0.0008813523211392498,{'ZXU'},"{'North Kingstown, RI'}"
34674,0.000864095687873965,{'SAF'},"{'Santa Fe, NM'}"
30747,0.000862710190081762,{'BRO'},"{'Brownsville, TX'}"
34952,0.0008477549109328085,{'SPI'},"{'Springfield, IL'}"
34489,0.0008407336683699921,{'RDM'},"{'Bend/Redmond, OR'}"
32149,0.0008309417687188878,{'HKY'},"{'Hickory, NC'}"
31150,0.0008231533411160462,{'CSG'},"{'Columbus, GA'}"
35074,0.0008096326230035858,{'SWO'},"{'Stillwater, OK'}"
33139,0.0008061359743661629,{'LYH'},"{'Lynchburg, VA'}"
33184,0.0007860589212397193,{'MBS'},"{'Saginaw/Bay City/Midland, MI'}"
34877,0.0007781196528387165,{'SLN'},"{'Salina, KS'}"
34109,0.0007778899764424457,"{'PIB', 'HBG'}","{'Hattiesburg, MS', 'Hattiesburg/Laurel, MS'}"
31719,0.0007734418997074576,{'FNL'},"{'Fort Collins/Loveland, CO'}"
30589,0.0007639366792978938,{'BHB'},"{'Bar Harbor, ME'}"
35497,0.0007552860773440761,{'UST'},"{'St. Augustine, FL'}"
33032,0.0007542119595501839,{'LNS'},"{'Lancaster, PA'}"
33076,0.0007426892825942333,{'LSE'},"{'La Crosse, WI'}"
32320,0.0007404995859436981,{'ILG'},"{'Wilmington, DE'}"
32156,0.0007388618925464291,{'HLN'},"{'Helena, MT'}"
31695,0.0007350059225764996,{'FLG'},"{'Flagstaff, AZ'}"
34303,0.0007315513746446006,{'PUW'},"{'Pullman, WA'}"
30819,0.0007202143311217385,{'BWG'},"{'Bowling Green, KY'}"
30732,0.0007125596497725733,{'BQN'},"{'Aguadilla, PR'}"
36133,0.0007110928654706793,{'YNG'},"{'Youngstown/Warren, OH'}"
34081,0.0007091581368659931,{'PGA'},"{'Page, AZ'}"
35389,0.0007050847719630247,{'TWF'},"{'Twin Falls, ID'}"
32119,0.0006942125066974215,{'HGR'},"{'Hagerstown, MD'}"
31982,0.0006916305811019226,{'GRK'},"{'Killeen, TX'}"
31337,0.0006913604520880134,{'DLH'},"{'Duluth, MN'}"
32250,0.0006730960110935619,{'HYA'},"{'Hyannis, MA'}"
31421,0.0006717732629257839,{'DSI'},"{'Destin, FL'}"
31517,0.0006628509667567572,"{'FBK', 'EIL', 'MTX', 'A01', 'FAI'}","{'Fairbanks, AK', 'Fairbanks/Ft. Wainwright, AK'}"
33795,0.0006548719307134393,{'OAJ'},"{'Jacksonville/Camp Lejeune, NC'}"
31471,0.0006373279042444314,{'EAU'},"{'Eau Claire, WI'}"
30285,0.0006358763024253835,{'DRO'},"{'Durango, CO'}"
34992,0.0006333615978784091,"{'SSB', 'STX'}","{'Christiansted, VI'}"
30630,0.000632770846691982,{'BJC'},"{'Broomfield, CO'}"
33241,0.0006314312764088554,{'MEI'},"{'Meridian, MS'}"
32932,0.0006145094218209367,{'LEB'},"{'Lebanon-Hanover, NH'}"
35030,0.0006091786461808404,{'SUA'},"{'Stuart, FL'}"
33304,0.0006087726029306897,{'MOT'},"{'Minot, ND'}"
30268,0.000607330869863031,{'ALO'},"{'Waterloo, IA'}"
35177,0.0006032787685935547,{'TEX'},"{'Telluride, CO'}"
32012,0.0005941383282171869,{'GUC'},"{'Gunnison, CO'}"
34875,0.0005911250516090658,{'SLK'},"{'Saranac Lake/Lake Placid, NY'}"
32222,0.0005800121843119012,{'HTO'},"{'East Hampton, NY'}"
33988,0.0005766927331435313,{'OXR'},"{'Oxnard/Ventura, CA'}"
33543,0.0005762645419580239,{'MWA'},"{'Marion/Herrin, IL'}"
30967,0.0005661979882908253,{'CGI'},"{'Cape Girardeau, MO'}"
31233,0.0005652798259477163,{'CYS'},"{'Cheyenne, WY'}"
34792,0.0005377107298672333,{'SGR'},"{'Sugar Land, TX'}"
30613,0.0005362794755344655,{'BID'},"{'Block Island, RI'}"
34150,0.0005352013192559829,{'PLN'},"{'Pellston, MI'}"
35411,0.000534081491786132,{'TYR'},"{'Tyler, TX'}"
31615,0.0005226505810250056,{'EWB'},"{'New Bedford/Fall River, MA'}"
31122,0.0005161920213768434,{'CPR'},"{'Casper, WY'}"
30333,0.0005112368591889354,{'APN'},"{'Alpena, MI'}"
32365,0.0005105980789632369,{'IPT'},"{'Williamsport, PA'}"
33964,0.000505040591745691,{'OTH'},"{'North Bend/Coos Bay, OR'}"
34306,0.000503321068484235,{'PVC'},"{'Provincetown, MA'}"
35048,0.0005005180093699911,{'SUX'},"{'Sioux City, IA'}"
30561,0.0004982875889044532,{'BFL'},"{'Bakersfield, CA'}"
34716,0.0004976371280854499,{'SCK'},"{'Stockton, CA'}"
33418,0.0004940852240453836,{'MNZ'},"{'Manassas, VA'}"
31980,0.0004930256522987618,{'GRI'},"{'Grand Island, NE'}"
32556,0.00048626672261965775,{'STC'},"{'St. Cloud, MN'}"
30577,0.00048553799671579266,{'BGM'},"{'Binghamton, NY'}"
34794,0.0004820679859114029,{'SGU'},"{'St. George, UT'}"
33388,0.0004703216667720293,{'MMH'},"{'Mammoth Lakes, CA'}"
30136,0.0004687021525051896,"{'DYS', 'ABI'}","{'Abilene, TX'}"
34231,0.0004680672177405432,{'PQI'},"{'Presque Isle/Houlton, ME'}"
30414,0.00046138770999784167,"{'WVL', 'AUG'}","{'Augusta/Waterville, ME'}"
30478,0.0004611861391087194,{'BAF'},"{'Westfield, MA'}"
33459,0.00045974900782976675,{'MQT'},"{'Marquette, MI'}"
33155,0.0004578007316453277,"{'WRB', 'MCN'}","{'Macon, GA'}"
30300,0.0004548354526865391,{'AND'},"{'Anderson, SC'}"
30918,0.00045422071742164707,{'CDC'},"{'Cedar City, UT'}"
34553,0.0004461445053232001,{'RME'},"{'Rome, NY'}"
31076,0.000440725908254572,{'CMX'},"{'Hancock/Houghton, MI'}"
31931,0.0004384091892948259,{'GLH'},"{'Greenville, MS'}"
31672,0.000421180380472064,{'FID'},"{'Fishers Island, NY'}"
34120,0.0004154212964395148,{'PIR'},"{'Pierre, SD'}"
33282,0.00040215082151707446,{'MGW'},"{'Morgantown, WV'}"
31165,0.00040195109157437786,{'CTH'},"{'Coatesville, PA'}"
35656,0.00040006025342907437,{'VWK'},"{'Saratoga Springs, NY'}"
31592,0.0004000135161595153,{'ESN'},"{'Easton, MD'}"
31205,0.00039856919295648595,"{'LCH', 'CWF'}","{'Lake Charles, LA'}"
35374,0.0003948388886824242,{'TUP'},"{'Tupelo, MS'}"
30322,0.00039159438014652726,{'AOO'},"{'Altoona, PA'}"
33792,0.00038407220879769913,{'RDD'},"{'Redding, CA'}"
33987,0.0003829004582812741,{'OXC'},"{'Waterbury, CT'}"
33832,0.0003824166878122102,{'OGS'},"{'Ogdensburg, NY'}"
32131,0.00038189091195034517,"{'OGD', 'HIF'}","{'Ogden, UT'}"
32888,0.00038095186956653405,{'LAR'},"{'Laramie, WY'}"
35550,0.000378967889043773,"{'VLD', 'VAD'}","{'Valdosta, GA'}"
31587,0.00037817584392851444,{'ESC'},"{'Escanaba, MI'}"
31961,0.0003775861123706795,{'GON'},"{'New London/Groton, CT'}"
36787,0.0003738008784509991,{'N4Y'},"{'Southampton, NY'}"
30779,0.00037377015147029756,{'BTM'},"{'Butte, MT'}"
34288,0.0003731350959553009,{'PUB'},"{'Pueblo, CO'}"
31725,0.0003718451829622053,{'FOD'},"{'Fort Dodge, IA'}"
31288,0.00037005401004868484,{'DEC'},"{'Decatur, IL'}"
34006,0.00036778809192828467,{'PAH'},"{'Paducah, KY'}"
31617,0.0003621010896819781,{'EWN'},"{'New Bern/Morehead/Beaufort, NC'}"
30857,0.0003613258559240455,{'C01'},"{'Camarillo, CA'}"
34648,0.0003586117521313259,{'RUT'},"{'Rutland, VT'}"
32343,0.00035840473970025254,{'INL'},"{'International Falls, MN'}"
30670,0.000356716181920293,{'BLM'},"{'Belmar/Farmingdale, NJ'}"
33619,0.00035595208533608735,{'NC1'},"{'Gastonia, NC'}"
32965,0.0003533864135273395,{'LGU'},"{'Logan, UT'}"
32598,0.000352063949848773,{'JZT'},"{'Arlington, TX'}"
34539,0.00035039782210179903,{'RKD'},"{'Rockland, ME'}"
33535,0.0003496174931155842,{'MVL'},"{'Morrisville, VT'}"
31106,0.00034658309336985777,{'CON'},"{'Concord, NH'}"
33490,0.0003460449029178268,{'MSS'},"{'Massena, NY'}"
35498,0.0003426418339836545,{'UT1'},"{'Heber, UT'}"
35232,0.0003392148756397202,{'TKF'},"{'Truckee, CA'}"
33731,0.00033725368716377107,{'NPT'},"{'Newport, RI'}"
30950,0.0003364503146722425,{'CEZ'},"{'Cortez, CO'}"
36515,0.00033360864229648254,{'PA5'},"{'West Chester, PA'}"
36101,0.00033218554798262404,{'YKM'},"{'Yakima, WA'}"
30739,0.0003255431801459532,{'BRD'},"{'Brainerd, MN'}"
32124,0.00031695974876791135,{'HHH'},"{'Hilton Head, SC'}"
30815,0.00031617872492112765,{'BVY'},"{'Beverly, MA'}"
31274,0.000313415022293502,{'DBQ'},"{'Dubuque, IA'}"
30535,0.0003112257962532342,{'BDR'},"{'Bridgeport, CT'}"
34577,0.0003055347195657795,{'ROG'},"{'Rogers, AR'}"
34842,0.0003037774139156645,{'SJT'},"{'San Angelo, TX'}"
31905,0.00030026847055035055,{'GGG'},"{'Longview, TX'}"
33484,0.00029892300151412556,{'MSL'},"{'Muscle Shoals, AL'}"
31364,0.00029810755153266685,{'DXR'},"{'Danbury, CT'}"
34543,0.00029683356619647754,{'RKS'},"{'Rock Springs, WY'}"
36528,0.0002963626463892866,{'RBW'},"{'Walterboro, SC'}"
32559,0.0002957389292340954,{'JST'},"{'Johnstown, PA'}"
33771,0.0002953941898228576,{'NUQ'},"{'Mountain View, CA'}"
31899,0.0002952529449216491,{'GFL'},"{'Glens Falls, NY'}"
32899,0.00029394051135346003,{'LBF'},"{'North Platte, NE'}"
32511,0.00029357395155434675,{'JLN'},"{'Joplin, MO'}"
36488,0.00028795603624754974,{'NY7'},"{'Skaneateles, NY'}"
31401,0.0002837575365514402,"{'KTN', 'DQU', 'WFB'}","{'Ketchikan, AK'}"
32255,0.0002830058104801518,{'HYS'},"{'Hays, KS'}"
33344,0.0002824653078901472,{'MKG'},"{'Muskegon, MI'}"
34713,0.0002758273169707554,{'SCH'},"{'Schenectady, NY'}"
32587,0.00027563374061097463,{'JZI'},"{'Portland, TN'}"
32389,0.0002749073765762689,{'ISN'},"{'Williston, ND'}"
34520,0.00027240193965802573,{'RHI'},"{'Rhinelander, WI'}"
31778,0.0002713539039471961,{'FSM'},"{'Fort Smith, AR'}"
33211,0.0002713499380268458,{'MCW'},"{'Mason City, IA'}"
32891,0.0002700437762241568,{'LAW'},"{'Lawton/Fort Sill, OK'}"
32190,0.0002699207000737024,{'HOT'},"{'Hot Springs, AR'}"
31097,0.0002680855905552627,{'COD'},"{'Cody, WY'}"
32412,0.0002631432187461194,{'IWD'},"{'Ironwood, MI'}"
35570,0.00026051803807038983,{'VCV'},"{'Victorville, CA'}"
34004,0.0002599324073712106,{'PAE'},"{'Everett, WA'}"
31098,0.00025990269419658943,{'COE'},"{""Coeur d'Alene, ID""}"
35569,0.0002596456207403257,{'VCT'},"{'Victoria, TX'}"
34588,0.00025954823104138846,{'ROW'},"{'Roswell, NM'}"
31711,0.0002582867427509788,{'FMN'},"{'Farmington, NM'}"
32363,0.00025718218911981573,"{'IPL', 'NJK'}","{'El Centro, CA'}"
30687,0.000255584612066538,{'BML'},"{'Berlin, NH'}"
31441,0.0002553244376913797,{'DUJ'},"{'DuBois, PA'}"
34237,0.00025507696653670345,{'PRC'},"{'Prescott, AZ'}"
34960,0.00025433343955140664,{'SPS'},"{'Wichita Falls, TX'}"
32375,0.0002536815158253317,{'IRK'},"{'Kirksville, MO'}"
30643,0.00025345311442939126,{'BKG'},"{'Branson, MO'}"
35601,0.0002518283341778446,{'VIS'},"{'Visalia, CA'}"
35427,0.00025147004831502,{'UBF'},"{'Chatham, MA'}"
30744,0.00025096604171281173,{'BRL'},"{'Burlington, IA'}"
35401,0.00024995580615878394,{'TXK'},"{'Texarkana, AR'}"
33348,0.0002484698025935174,{'MKL'},"{'Jackson, TN'}"
33501,0.00024827376083604057,{'MTH'},"{'Marathon, FL'}"
34488,0.0002479898421413105,{'RDG'},"{'Reading, PA'}"
31699,0.00024531836710426437,{'FLO'},"{'Florence, SC'}"
33984,0.0002449600119606607,{'OWD'},"{'Norwood, MA'}"
34113,0.0002437600502791413,{'PIH'},"{'Pocatello, ID'}"
31013,0.0002435291775289193,{'CIU'},"{'Sault Ste. Marie, MI'}"
32335,0.00024171232511358616,{'IMT'},"{'Iron Mountain/Kingsfd, MI'}"
34704,0.0002416575540876854,{'SBY'},"{'Salisbury, MD'}"
32455,0.00023906291173234637,{'JBR'},"{'Jonesboro, AR'}"
32207,0.0002388165813702786,{'HRO'},"{'Harrison, AR'}"
31085,0.00023817164033885298,{'CNM'},"{'Carlsbad, NM'}"
30157,0.00023815189853227666,"{'EKA', 'ACV'}","{'Arcata/Eureka, CA', 'Eureka, CA'}"
33194,0.00023815189853227666,{'MCE'},"{'Merced, CA'}"
35383,0.00023606167025284485,{'TVL'},"{'Lake Tahoe, CA'}"
33034,0.00023284514966043037,{'LNY'},"{'Lanai, HI'}"
35582,0.00023214965579059163,{'VEL'},"{'Vernal, UT'}"
33507,0.00023059314608970174,{'MTP'},"{'Montauk Point, NY'}"
30728,0.00022874521650782586,{'BPT'},"{'Beaumont/Port Arthur, TX'}"
33072,0.00022723837999174504,{'LRU'},"{'Las Cruces, NM'}"
35440,0.00022708344226095753,{'UES'},"{'Waukesha, WI'}"
30557,0.00022688661893602064,{'BFD'},"{'Bradford, PA'}"
34871,0.00022517008330500044,{'SLE'},"{'Salem, OR'}"
30272,0.0002250500745203005,{'ALS'},"{'Alamosa, CO'}"
33685,0.0002239895865602781,{'NJ1'},"{'Berlin, NJ'}"
33845,0.0002239895865602781,{'OIC'},"{'Norwich, NY'}"
35529,0.0002239895865602781,{'UXO'},"{'Fitchburg, MA'}"
31493,0.0002239895865602781,{'EEN'},"{'Keene, NH'}"
30654,0.0002226962407399188,{'BKW'},"{'Beckley, WV'}"
31525,0.00022211119797083475,{'EKO'},"{'Elko, NV'}"
31564,0.00021913475071266286,{'ENW'},"{'Kenosha, WI'}"
35051,0.00021873095497223805,{'SVC'},"{'Silver City/Hurley, NM'}"
30504,0.0002134869060429268,{'BBX'},"{'Blue Bell, PA'}"
30275,0.00021345640767119877,{'ALW'},"{'Walla Walla, WA'}"
30419,0.00021106620035497866,{'AUO'},"{'Auburn, AL'}"
31867,0.00021057788463290085,{'GCK'},"{'Garden City, KS'}"
30141,0.00020668226126950174,{'ABR'},"{'Aberdeen, SD'}"
32129,0.00020668226126950174,{'HIB'},"{'Hibbing, MN'}"
30631,0.00020668226126950174,{'BJI'},"{'Bemidji, MN'}"
32402,0.00020658990579294802,{'ITO'},"{'Hilo, HI'}"
31732,0.00020173886209694496,{'FPR'},"{'Fort Pierce, FL'}"
35481,0.00020149450066571245,{'UOX'},"{'Oxford, MS'}"
33182,0.0002004773272155065,{'MBL'},"{'Manistee/Ludington, MI'}"
30927,0.00020018752870910376,{'CDW'},"{'Caldwell, NJ'}"
36526,0.0001953766821757119,{'ME3'},"{'Belfast, ME'}"
32916,0.00019499193075717003,{'LCI'},"{'Laconia, NH'}"
33674,0.00019306619361710435,{'NHZ'},"{'Brunswick, ME'}"
33970,0.00018823836122060632,{'OTZ'},"{'Kotzebue, AK'}"
31865,0.00018710859551396416,{'GCC'},"{'Gillette, WY'}"
30558,0.00018710859551396416,{'BFF'},"{'Scottsbluff, NE'}"
33983,0.00018582200822148153,{'OWB'},"{'Owensboro, KY'}"
31308,0.00018568027414395049,{'DHN'},"{'Dothan, AL'}"
30409,0.00018301621573471003,{'ATY'},"{'Watertown, SD'}"
36782,0.0001718257107378443,{'A2L'},"{'Fort Payne, AL'}"
35454,0.00017136521782552057,{'UIN'},"{'Quincy, IL'}"
34967,0.0001708282219625081,{'SQL'},"{'San Carlos, CA'}"
32523,0.0001659191699616211,{'JNU'},"{'Juneau, AK'}"
33493,0.00016434579592536897,{'MSV'},"{'Monticello, NY'}"
31447,0.0001638110559183439,{'DVL'},"{'Devils Lake, ND'}"
34828,0.00016208216740224113,{'SIT'},"{'Sitka, AK'}"
36793,0.0001610717173983841,{'MI7'},"{'South Haven, MI'}"
32902,0.00016074615216729864,{'LBL'},"{'Liberal, KS'}"
35882,0.00015851960067382457,{'WWD'},"{'Cape May, NJ'}"
34256,0.00015832326783627723,{'PSG'},"{'Petersburg, AK'}"
35841,0.00015765298640537195,{'WRG'},"{'Wrangell, AK'}"
36785,0.00015616809036415782,{'NH4'},"{'Moultonboro, NH'}"
34332,0.0001559536249247786,{'PYM'},"{'Plymouth, MA'}"
30913,0.00015437257581678475,"{'CKU', 'CDV'}","{'Cordova, AK'}"
35991,0.000154000672448882,{'YAK'},"{'Yakutat, AK'}"
30933,0.00015078008057836689,{'CEF'},"{'Chicopee Falls, MA'}"
32944,0.00014890892617333128,{'LEW'},"{'Lewiston/Auburn, ME'}"
30224,0.0001461267326864275,{'AIK'},"{'Aiken, SC'}"
30949,0.00014527168608625016,{'CEY'},"{'Murray, KY'}"
32016,0.00014450994322841448,"{'GUM', 'UAM'}","{'Guam, TT'}"
33450,0.00014443529760675263,{'MPV'},"{'Montpelier/Barre, VT'}"
36573,0.0001420880780887497,{'VT1'},"{'West Dover, VT'}"
31773,0.00014133107361653064,{'FRY'},"{'Fryeburg, ME'}"
31490,0.00013936379815582706,{'EDW'},"{'Edwards, CA'}"
36544,0.00013936379815582706,{'LA2'},"{'Hammond, LA'}"
31510,0.00013936379815582706,{'EGV'},"{'Eagle River, WI'}"
34430,0.00013936379815582706,{'QQT'},"{'Peachtree City, GA'}"
34131,0.00013909934660661296,{'PKB'},"{'Parkersburg, WV'}"
36664,0.0001384939926621382,{'GTY'},"{'Gettysburg, PA'}"
34089,0.0001374085274872979,{'PGO'},"{'Pagosa Springs, CO'}"
36612,0.0001364635188149283,{'WI3'},"{'Ehpriam, WI'}"
33587,0.0001364635188149283,{'MZJ'},"{'Marana, AZ'}"
32661,0.0001362699424551476,{'OCA'},"{'Key Largo, FL'}"
33236,0.0001362699424551476,{'ME1'},"{'Rangeley, ME'}"
30348,0.0001362699424551476,{'ARB'},"{'Ann Arbor, MI'}"
31745,0.0001362699424551476,{'FQL'},"{'Flora, IL'}"
31659,0.0001362699424551476,{'FDY'},"{'Findlay, OH'}"
30663,0.0001362699424551476,{'BLF'},"{'Princeton/Bluefield, WV'}"
30309,0.0001362699424551476,{'ANP'},"{'Annapolis, MD'}"
30573,0.0001362699424551476,{'BGE'},"{'Bainbridge, GA'}"
30508,0.0001362699424551476,{'BCB'},"{'Blacksburg, VA'}"
33782,0.0001362699424551476,{'NY2'},"{'Fulton, NY'}"
36751,0.0001362699424551476,{'P1A'},"{'Farmington, PA'}"
33152,0.0001362699424551476,{'MA1'},"{'Edgartown, MA'}"
33008,0.0001362699424551476,{'LKP'},"{'Lake Placid, NY'}"
33783,0.0001362699424551476,{'ONH'},"{'Oneonta, NY'}"
30780,0.0001362699424551476,{'BTP'},"{'Butler, PA'}"
36452,0.0001362699424551476,{'VGC'},"{'Hamilton, NY'}"
36618,0.0001362699424551476,{'MQI'},"{'Quincy, MA'}"
36460,0.0001362699424551476,{'MD1'},"{'Michellville, MD'}"
36510,0.0001362699424551476,{'DE2'},"{'Middletown, DE'}"
30463,0.00013608625519464243,"{'AZ1', 'GCN'}","{'Grand Canyon, AZ'}"
30146,0.0001356932359413991,{'ABY'},"{'Albany, GA'}"
31197,0.000135660668005797,{'CVN'},"{'Clovis, NM'}"
31335,0.000135660668005797,{'DRT'},"{'Del Rio, TX'}"
31531,0.000135660668005797,{'ELD'},"{'El Dorado, AR'}"
31856,0.000135660668005797,{'GBD'},"{'Great Bend, KS'}"
32008,0.000135660668005797,{'GTU'},"{'Georgetown, TX'}"
33287,0.000135660668005797,{'MHE'},"{'Mitchell, SD'}"
30400,0.000135660668005797,{'ATO'},"{'Athens, OH'}"
31646,0.0001332332702565192,"{'FBS', 'FRD'}","{'Friday Harbor, WA'}"
34905,0.00013289542075914753,{'SMX'},"{'Santa Maria, CA'}"
34812,0.00013267133236359818,{'SHR'},"{'Sheridan, WY'}"
34534,0.00013098439653621687,{'RIW'},"{'Riverton/Lander, WY'}"
32519,0.0001298033665800069,{'JMS'},"{'Jamestown, ND'}"
30925,0.00012941102057790904,{'CDR'},"{'Chadron, NE'}"
31092,0.00012937253149994637,{'CNY'},"{'Moab, UT'}"
30011,0.00012934465755419684,"{'1G4', 'PGS'}","{'Peach Springs, AZ'}"
30221,0.00012923317711803584,{'AIA'},"{'Alliance, NE'}"
31588,0.00012857125642365053,{'ESD'},"{'Eastsound, WA'}"
36801,0.0001279366462692564,{'LNA'},"{'West Palm Beach, FL'}"
31468,0.00012752489505758727,{'EAR'},"{'Kearney, NE'}"
33200,0.00012752489505758727,{'MCK'},"{'McCook, NE'}"
31283,0.00012752489505758727,{'DDC'},"{'Dodge City, KS'}"
31315,0.00012752489505758727,{'DIK'},"{'Dickinson, ND'}"
33125,0.00012559388632566842,{'LWM'},"{'Lawrence, MA'}"
32233,0.00012394255393503262,{'HUM'},"{'Houma, LA'}"
35054,0.00012394255393503262,{'SVH'},"{'Statesville, NC'}"
31686,0.00012394255393503262,{'FL1'},"{'Zephyrhills, FL'}"
31656,0.00012394255393503262,{'FDK'},"{'Frederick, MD'}"
30494,0.00012394255393503262,{'BBC'},"{'Bay City, TX'}"
36788,0.00012394255393503262,{'FL8'},"{'Deland, FL'}"
35381,0.00012377942059029235,{'TVF'},"{'Thief River Falls, MN'}"
33015,0.00012312934441726978,{'LLY'},"{'Mount Holly, NJ'}"
30836,0.0001226645118332886,{'RKH'},"{'Rock Hill, SC'}"
36795,0.0001226645118332886,{'CO6'},"{'Buena, CO'}"
36746,0.0001226645118332886,{'RNH'},"{'New Richmond, WI'}"
36642,0.0001226645118332886,{'T1X'},"{'Gainesville, TX'}"
33595,0.0001226645118332886,{'MZZ'},"{'Marion, IN'}"
32062,0.0001225935068095797,{'HAF'},"{'Half Moon Bay, CA'}"
32018,0.0001225935068095797,{'GUP'},"{'Gallup, NM'}"
31218,0.0001225935068095797,{'CXL'},"{'Calexico, CA'}"
31029,0.0001225935068095797,{'CKE'},"{'Clear Lake, CA'}"
33151,0.0001225935068095797,{'LZU'},"{'Lawrenceville, GA'}"
36762,0.0001225935068095797,{'VHN'},"{'Van Horn, TX'}"
30345,0.0001225935068095797,{'AR1'},"{'Russellville, AR'}"
30385,0.0001225935068095797,{'AST'},"{'Astoria/Seaside, OR'}"
32247,0.0001225935068095797,{'HWD'},"{'Hayward, CA'}"
30361,0.0001213374043794362,{'ART'},"{'Watertown, NY'}"
33785,0.00012128675845651556,"{'YUM', 'NYL'}","{'Yuma, AZ'}"
34943,0.0001212057755095248,{'SOW'},"{'Show Low, AZ'}"
34212,0.0001211129847625697,{'POU'},"{'Poughkeepsie, NY'}"
31470,0.00012080286380776517,{'EAT'},"{'Wenatchee, WA'}"
32177,0.00012056860921538353,{'HOB'},"{'Hobbs, NM'}"
36783,0.00011886091887645143,{'A1L'},"{'Cullman, AL'}"
32494,0.00011886091887645143,{'JHW'},"{'Jamestown, NY'}"
31684,0.00011886091887645143,{'FKL'},"{'Franklin/Oil City, PA'}"
32863,0.00011886091887645143,{'KY5'},"{'Madisonville, KY'}"
33865,0.00011748643723783035,{'OLM'},"{'Olympia, WA'}"
35972,0.00011748643723783035,{'XXO'},"{'Hurricane, UT'}"
33024,0.00011555839172269697,{'LMT'},"{'Klamath Falls, OR'}"
30930,0.00011555839172269697,{'CEC'},"{'Crescent City, CA'}"
31582,0.00011555839172269697,{'ERV'},"{'Kerrville, TX'}"
35855,0.00011452166303171502,{'WST'},"{'Westerly, RI'}"
34477,0.00011390806104318154,{'RCE'},"{'Roche Harbor, WA'}"
31669,0.00011294286681038461,{'FFT'},"{'Frankfort, KY'}"
32934,0.00011294286681038461,{'LEE'},"{'Leesburg, FL'}"
35626,0.00011185702904317848,{'VQS'},"{'Vieques, PR'}"
33109,0.0001115792030698686,{'LUP'},"{'Kalaupapa, HI'}"
32492,0.00011157920306986858,{'JHM'},"{'Kapalua, HI'}"
34628,0.00011105141244344239,{'RSJ'},"{'Rosario, WA'}"
31050,0.00011102934705807273,{'CLM'},"{'Port Angeles, WA'}"
30661,0.00011024327846726549,{'BLD'},"{'Boulder City, NV'}"
32200,0.00010961169158230347,{'HQM'},"{'Hoquiam, WA'}"
32396,0.00010961169158230347,{'ISW'},"{'Wisconsin Rapids, WI'}"
30844,0.00010961169158230347,{'BYW'},"{'Blakely Island, WA'}"
35090,0.00010961169158230347,{'SYA'},"{'Shemya, AK'}"
33055,0.00010961169158230347,{'LPS'},"{'Lopez Island, WA'}"
34295,0.00010961169158230347,{'PUL'},"{'Poulsbo, WA'}"
34810,0.00010961169158230347,{'SHN'},"{'Shelton, WA'}"
35707,0.00010961169158230347,{'WA6'},"{'Stehekin, WA'}"
36635,0.00010961169158230347,{'WA1'},"{'Camp Orkila Eastsound, WA'}"
33968,0.00010961169158230347,{'OTS'},"{'Anacortes, WA'}"
35138,0.00010802570005956918,{'TBN'},"{'Fort Leonard Wood, MO'}"
36764,0.00010681113428744564,{'TRL'},"{'Terrell, TX'}"
35271,0.0001068059312059047,{'TN2'},"{'Sparta, TN'}"
31126,0.00010529044625495493,{'CPX'},"{'Culebra, PR'}"
33525,0.00010468039974239246,{'MUO'},"{'Mountain Home, ID'}"
30838,0.00010464487318216532,{'BYH'},"{'Blytheville, AR'}"
35897,0.00010462476073300437,{'WYS'},"{'West Yellowstone, MT'}"
34054,0.00010384471608889527,{'PDT'},"{'Pendleton, OR'}"
36812,0.00010315591336448157,{'1TN'},"{'Lexington Parsons, TN'}"
31979,9.880579567096946e-05,{'TCM'},"{'Tacoma, WA'}"
33671,9.861317735195963e-05,{'NHK'},"{'Patuxent River, MD'}"
33307,9.725349391001076e-05,{'MIE'},"{'Muncie/Anderson/Newcastle, IN'}"
31479,9.690431018434623e-05,{'ECG'},"{'Elizabeth City, NC'}"
36431,9.594580001279412e-05,{'6B0'},"{'Middlebury, VT'}"
32028,9.53214451744886e-05,{'GVL'},"{'Gainesville, GA'}"
36516,9.510795369056151e-05,{'MA4'},"{'Marshfield, MA'}"
31842,9.38569426246942e-05,{'GAI'},"{'Gaithersburg, MD'}"
31375,9.164643470885997e-05,{'DOV'},"{'Dover, DE'}"
36739,9.026671449150804e-05,{'FME'},"{'Fort Meade, MD'}"
33347,9.017244292638386e-05,{'MKK'},"{'Hoolehua, HI'}"
30543,8.971111013725222e-05,{'BEH'},"{'Benton Harbor/St. Joseph, MI'}"
36704,8.897983528658342e-05,{'NV5'},"{'Gerlach, NV'}"
33870,8.8771442844566e-05,{'OLV'},"{'Olive Branch, MS'}"
30945,8.847269354539894e-05,{'CEU'},"{'Clemson, SC'}"
30964,8.771964410513048e-05,{'CGE'},"{'Cambridge, MD'}"
35203,8.771964410513048e-05,{'THV'},"{'York, PA'}"
34769,8.771964410513048e-05,{'SFM'},"{'Sanford, ME'}"
33446,8.771964410513048e-05,{'MPO'},"{'Mt. Pocono, PA'}"
34778,8.771964410513048e-05,{'SFZ'},"{'Smithfield, RI'}"
30565,8.771964410513048e-05,{'BFP'},"{'Beaver Falls, PA'}"
30569,8.771964410513048e-05,{'BFT'},"{'Beaufort, SC'}"
30378,8.771964410513048e-05,{'ASL'},"{'Marshall, TX'}"
34656,8.652641959292942e-05,{'RWI'},"{'Rocky Mount, NC'}"
33809,8.63768752650937e-05,{'OCF'},"{'Ocala, FL'}"
34897,8.344141844392464e-05,{'SMN'},"{'Salmon, ID'}"
33176,8.154287448828601e-05,{'MAZ'},"{'Mayaguez, PR'}"
35847,7.424146711057415e-05,{'WSG'},"{'Washington, PA'}"
34670,7.421357472120897e-05,{'SAA'},"{'Saratoga, WY'}"
34255,7.190883462756836e-05,{'PSF'},"{'Pittsfield, MA'}"
32228,7.034612804178763e-05,{'HUF'},"{'Terre Haute, IN'}"
33520,6.623995300513709e-05,{'MUE'},"{'Kamuela, HI'}"
36492,6.399116244830648e-05,{'MN5'},"{'Red Wing, MN'}"
36708,5.971044165492144e-05,{'O2H'},"{'Mount Vernon, OH'}"
32130,5.9106739720564316e-05,{'HIE'},"{'Whitefield, NH'}"
35615,5.9106739720564316e-05,{'VNC'},"{'Venice, FL'}"
30245,5.907879249218717e-05,{'AKN'},"{'King Salmon, AK'}"
30304,5.487104639475789e-05,{'ANI'},"{'Aniak, AK'}"
30113,5.3768609296451825e-05,{'BET'},"{'Bethel, AK'}"
33873,5.300338786002646e-05,{'OME'},"{'Nome, AK'}"
31844,5.273900329448845e-05,{'GAL'},"{'Galena, AK'}"
30298,5.165359553006664e-05,{'ANB'},"{'Anniston, AL'}"
34751,5.155138343926975e-05,{'SEG'},"{'Selinsgrove, PA'}"
35478,5.113304455516396e-05,{'UNK'},"{'Unalakleet, AK'}"
33058,5.0800561844015534e-05,{'LQK'},"{'Pickens, SC'}"
32807,5.0649049368909455e-05,{'KSM'},"{""St. Mary's, AK""}"
31336,5.056648607358512e-05,{'DLG'},"{'Dillingham, AK'}"
33196,5.029762286588115e-05,{'MCG'},"{'McGrath, AK'}"
34816,4.984661861953911e-05,{'SHX'},"{'Shageluk, AK'}"
30313,4.9731495527911946e-05,{'ANV'},"{'Anvik, AK'}"
33273,4.9610567593851146e-05,{'MGE'},"{'Marietta, GA'}"
30073,4.954320011646814e-05,{'SCC'},"{'Deadhorse, AK'}"
32087,4.937536978423399e-05,{'HCR'},"{'Holy Cross, AK'}"
30975,4.9327333232279136e-05,{'CGS'},"{'College Park, MD'}"
36570,4.9327333232279136e-05,{'NJ5'},"{'Sussex, NJ'}"
32068,4.9327333232279136e-05,{'HAO'},"{'Hamilton, OH'}"
32676,4.8445728810472125e-05,{'KGX'},"{'Grayling, AK'}"
30107,4.834072662379858e-05,{'BRW'},"{'Barrow, AK'}"
36784,4.788315680281168e-05,{'GA8'},"{'Monroe, GA'}"
31992,4.788315680281168e-05,{'GSB'},"{'Goldsboro, NC'}"
36763,4.788315680281168e-05,{'AL9'},"{'Sylacauga, AL'}"
35639,4.788315680281168e-05,{'VUJ'},"{'Albemarle, NC'}"
31555,4.75158663986066e-05,{'ENA'},"{'Kenai, AK'}"
32321,4.734493309414283e-05,{'ILI'},"{'Iliamna, AK'}"
30775,4.732977434909236e-05,{'BTI'},"{'Barter Island, AK'}"
32704,4.730440480621518e-05,{'KKA'},"{'Koyuk, AK'}"
31214,4.7213852665092724e-05,{'CXF'},"{'Coldfoot, AK'}"
31997,4.666050357655953e-05,{'GST'},"{'Gustavus, AK'}"
33676,4.5850449688686004e-05,{'NIB'},"{'Nikolai, AK'}"
35160,4.5768678560038365e-05,{'TCT'},"{'Takotna, AK'}"
31833,4.559349880882479e-05,{'FYU'},"{'Fort Yukon, AK'}"
31924,4.5351743046165e-05,{'GKN'},"{'Gulkana, AK'}"
31859,4.534181406494237e-05,{'GBH'},"{'Galbraith Lake, AK'}"
34218,4.493347426207162e-05,{'PPC'},"{'Prospect Creek, AK'}"
35236,4.428600156413854e-05,{'TKJ'},"{'Tok, AK'}"
30082,4.385610053148835e-05,{'CDB'},"{'Cold Bay, AK'}"
31550,4.3821337822598616e-05,{'EMK'},"{'Emmonak, AK'}"
31445,4.363967124155918e-05,{'DUT'},"{'Unalaska, AK'}"
30009,4.356483504277797e-05,"{'09A', 'HOM'}","{'Homer, AK'}"
34102,4.344898778332914e-05,{'PHO'},"{'Point Hope, AK'}"
32748,4.341995832140326e-05,{'KNK'},"{'Kokhanok, AK'}"
31511,4.334719807621779e-05,{'EGX'},"{'Egegik, AK'}"
30070,4.334516845317241e-05,"{'ADQ', 'KDK'}","{'Kodiak, AK'}"
33049,4.2917783153199215e-05,{'VBG'},"{'Lompoc, CA'}"
30982,4.2917783153199215e-05,{'CHD'},"{'Chandler, AZ'}"
34222,4.2917783153199215e-05,{'PPG'},"{'Pago Pago, TT'}"
30439,4.2917783153199215e-05,{'AWK'},"{'Wake Island, TT'}"
34273,4.290543999750493e-05,{'PTH'},"{'Port Heiden, AK'}"
32719,4.285701282003304e-05,{'KLG'},"{'Kalskag, AK'}"
30225,4.2783769905524845e-05,{'AIN'},"{'Wainwright, AK'}"
33715,4.278041306712573e-05,{'NNL'},"{'Nondalton, AK'}"
35293,4.265862700292497e-05,{'TOG'},"{'Togiak, AK'}"
32195,4.25724208875496e-05,{'HPB'},"{'Hooper Bay, AK'}"
32294,4.25702963106502e-05,{'IGG'},"{'Igiugig, AK'}"
34738,4.25141660902702e-05,{'SDP'},"{'Sandpoint, AK'}"
31941,4.2497083348422514e-05,{'GLV'},"{'Golovin, AK'}"
32631,4.237413269465537e-05,"{'KCQ', 'KCG', 'KCL', 'WQZ'}","{'Chignik Lagoon, AK', 'Chignik Bay, AK', 'Chignik, AK', 'Chignik Lake, AK'}"
32174,4.217252252268346e-05,{'HNM'},"{'Hana, HI'}"
31492,4.20043190962438e-05,{'EEK'},"{'Eek, AK'}"
35709,4.189680087355587e-05,{'WAA'},"{'Wales, AK'}"
32779,4.18954885039032e-05,{'KPN'},"{'Kipnuk, AK'}"
34805,4.180752540938446e-05,{'SHH'},"{'Shishmaref, AK'}"
31535,4.174477783944016e-05,{'ELI'},"{'Elim, AK'}"
34895,4.1717576694998634e-05,{'SMK'},"{'St. Michael, AK'}"
35721,4.1702583150393766e-05,{'WBB'},"{'Stebbins, AK'}"
32822,4.161777283009688e-05,{'KTS'},"{'Brevig Mission, AK'}"
35853,4.1486816517690106e-05,{'WSN'},"{'South Naknek, AK'}"
35579,4.144357811345033e-05,{'VDZ'},"{'Valdez, AK'}"
36553,4.137264203911552e-05,{'7AK'},"{'Akun, AK'}"
34856,4.1216489193902055e-05,{'SKK'},"{'Shaktoolik, AK'}"
32671,4.09741223553412e-05,{'KGK'},"{'Koliganek, AK'}"
34468,4.09283733856899e-05,{'RBH'},"{'Brooks Lodge, AK'}"
34046,4.091437666200067e-05,{'PDB'},"{'Pedro Bay, AK'}"
34268,4.090309069722167e-05,{'PTA'},"{'Port Alsworth, AK'}"
31845,4.089487426876797e-05,{'GAM'},"{'Gambell, AK'}"
34919,4.085224355419198e-05,{'SNP'},"{'St. Paul, AK'}"
35049,4.072534141023486e-05,{'SVA'},"{'Savoonga, AK'}"
35245,4.0579274848498404e-05,{'TLA'},"{'Teller, AK'}"
32755,4.0570504891363336e-05,{'KNW'},"{'New Stuyahok, AK'}"
31952,4.05697044563084e-05,{'GNU'},"{'Goodnews Bay, AK'}"
33003,4.053829354308436e-05,{'LKK'},"{'Kulik Lake, AK'}"
35700,4.0514444299380576e-05,{'VZY'},"{'Katmai Lodge, AK'}"
34485,4.016554370171528e-05,{'RDB'},"{'Red Dog, AK'}"
32721,4.007665684380051e-05,{'KLN'},"{'Larsen Bay, AK'}"
34493,3.976174481304486e-05,{'RDV'},"{'Red Devil, AK'}"
36390,3.9749185640709695e-05,{'BVU'},"{'Beluga, AK'}"
35406,3.9716900623936964e-05,{'TYE'},"{'Tyonek, AK'}"
32653,3.964811869073265e-05,{'KEK'},"{'Ekwok, AK'}"
32841,3.952702991911596e-05,{'KVC'},"{'King Cove, AK'}"
35012,3.937953693572411e-05,{'STG'},"{'St. George Island, AK'}"
34167,3.936482590782357e-05,{'PML'},"{'Port Moller, AK'}"
35934,3.933030640951062e-05,{'XWA'},"{'Granite Point, AK'}"
35228,3.89805554144127e-05,{'TKA'},"{'Talkeetna, AK'}"
30237,3.896980634201904e-05,{'AKB'},"{'Atka, AK'}"
32663,3.896901387481049e-05,{'KFP'},"{'False Pass, AK'}"
33704,3.896901387481049e-05,{'NLG'},"{'Nelson Lagoon, AK'}"
34863,3.8937038211689106e-05,{'SKW'},"{'Skwentna, AK'}"
31825,3.853584483165161e-05,{'FWL'},"{'Farewell, AK'}"
31559,3.853584483165161e-05,{'ENN'},"{'Nenana, AK'}"
35171,3.853584483165161e-05,{'TEK'},"{'Tatitlek, AK'}"
35250,3.853584483165161e-05,{'TLJ'},"{'Tatalina, AK'}"
30165,3.853584483165161e-05,{'ADK'},"{'Adak Island, AK'}"
33599,3.845024730221614e-05,{'NAD'},"{'North Adams, MA'}"
35620,3.48546202899031e-05,{'VOK'},"{'Camp Douglas, WI'}"
33221,3.3875030077746226e-05,{'MDH'},"{'Carbondale, IL'}"
35877,3.3772417934593164e-05,{'WVI'},"{'Watsonville, CA'}"
34881,3.318386587604293e-05,{'SLR'},"{'Sulphur Springs, TX'}"
36766,3.189289964835825e-05,{'WI5'},"{'Moroe, WI'}"
32254,2.9128971621171052e-05,{'HYR'},"{'Hayward, WI'}"
32576,2.814170613558016e-05,{'JXN'},"{'Jackson, MI'}"
31879,2.6823852232909874e-05,{'GDV'},"{'Glendive, MT'}"
34745,2.6823852232909874e-05,{'SDY'},"{'Sidney, MT'}"
31391,2.6531267559369372e-05,{'DQK'},"{'Fort Drum, NY'}"
31908,2.6498264067871237e-05,{'GGW'},"{'Glasgow, MT'}"
32245,2.6498264067871237e-05,{'HVR'},"{'Havre, MT'}"
33862,2.6498264067871237e-05,{'OLF'},"{'Wolf Point, MT'}"
33338,2.5708065759459573e-05,{'MJX'},"{'Toms River, NJ'}"
36665,2.4603007127357818e-05,{'MI6'},"{'Dowagiac, MI'}"
30680,2.4248055040531383e-05,{'BMC'},"{'Brigham City, UT'}"
34470,2.3758369538934143e-05,{'RBN'},"{'Fort Jefferson, FL'}"
36750,2.1697024429410242e-05,{'T2N'},"{'Clevland, TN'}"
35342,1.8192012665266982e-05,{'TSM'},"{'Taos, NM'}"
32136,1.72759174775167e-05,{'HIO'},"{'Hillsboro, OR'}"
30511,1.7037022397472802e-05,{'BCE'},"{'Bryce Canyon, UT'}"
31870,1.672524642737756e-05,{'GCY'},"{'Greeneville, TN'}"
34044,1.6453766797993502e-05,{'PCT'},"{'Princeton, NJ'}"
33781,1.5387938346033338e-05,{'NY1'},"{'Kingston, NY'}"
36539,1.4590253021677048e-05,{'ME4'},"{'Oxford, ME'}"
33808,1.4590253021677048e-05,{'OCE'},"{'Ocean City, MD'}"
35534,1.446624660907454e-05,{'LPR'},"{'Lorain/Elyria, OH'}"
31399,1.28881934783198e-05,{'DQS'},"{'Whitmore, AZ'}"
33572,1.2871604171593757e-05,{'L41'},"{'Marble Canyon, AZ'}"
30007,1.1550044103285839e-05,{'KLW'},"{'Klawock, AK'}"
33540,1.1191172225461711e-05,{'MVW'},"{'Burlington/Mount Vernon, WA'}"
35532,9.816400367264245e-06,{'UXR'},"{'Monument Valley, UT'}"
31464,9.36367007945912e-06,{'WTK'},"{'Noatak, AK'}"
33369,8.97943369179181e-06,{'MLL'},"{'Marshall, AK'}"
30396,8.938069970740705e-06,{'ATK'},"{'Atqasuk, AK'}"
30247,8.868147838450268e-06,{'AKP'},"{'Anaktuvuk Pass, AK'}"
30640,8.70770669709673e-06,{'BKC'},"{'Buckland, AK'}"
32615,8.586290524340112e-06,{'KAL'},"{'Kaltag, AK'}"
33942,8.431582867569739e-06,{'ORV'},"{'Noorvik, AK'}"
34804,8.176071688973157e-06,{'SHG'},"{'Shungnak, AK'}"
36554,8.16535515160504e-06,{'NJ4'},"{'Ocean City, NJ'}"
36703,8.16535515160504e-06,{'N3Y'},"{'Ticonderoga, NY'}"
32610,8.129044609832392e-06,{'KAE'},"{'Kake, AK'}"
33767,8.047324760464507e-06,{'NUI'},"{'Nuiqsut, AK'}"
30139,8.02700228740861e-06,{'ABL'},"{'Ambler, AK'}"
32297,7.965004656585048e-06,{'IGM'},"{'Kingman, AZ'}"
33536,7.965004656585048e-06,{'MVM'},"{'Kayenta, AZ'}"
33806,7.94513431588186e-06,{'OBU'},"{'Kobuk, AK'}"
34695,7.524366293287838e-06,{'SBM'},"{'Sheboygan, WI'}"
32214,7.315429295330101e-06,{'HSL'},"{'Huslia, AK'}"
34797,7.311102428072021e-06,{'SGY'},"{'Skagway, AK'}"
34474,7.196383189830455e-06,{'RBY'},"{'Ruby, AK'}"
31280,7.196201703308923e-06,{'DCK'},"{'Dahl Creek, AK'}"
33768,7.027837308876201e-06,{'NUL'},"{'Nulato, AK'}"
32235,6.962869555824679e-06,{'HUS'},"{'Hughes, AK'}"
32868,6.950967813180914e-06,{'KYU'},"{'Koyukuk, AK'}"
35581,6.930603107972039e-06,{'VEE'},"{'Venetie, AK'}"
35725,6.781189038615497e-06,{'WBQ'},"{'Beaver, AK'}"
31198,6.724451286873556e-06,{'CVO'},"{'Corvallis, OR'}"
30349,6.682278099654485e-06,{'ARC'},"{'Arctic Village, AK'}"
30474,6.652352079172346e-06,{'BAB'},"{'Marysville, CA'}"
33415,6.60435824375972e-06,{'MNT'},"{'Minto, AK'}"
35061,6.540507885367703e-06,{'SVS'},"{'Stevens Village, AK'}"
35124,6.526724056214651e-06,{'TAL'},"{'Tanana, AK'}"
30783,6.437124645931025e-06,{'BTT'},"{'Bettles, AK'}"
30184,6.395430491910857e-06,{'AET'},"{'Allakaket, AK'}"
31463,6.267492387986563e-06,{'EAA'},"{'Eagle, AK'}"
31327,6.2556393201654766e-06,{'DJN'},"{'Delta Junction, AK'}"
33381,6.226178008851723e-06,{'MLY'},"{'Manley Hot Springs, AK'}"
32370,6.156696634274206e-06,{'IRC'},"{'Circle, AK'}"
31402,6.135252541335428e-06,{'HNS'},"{'Haines, AK'}"
32141,6.110392980653975e-06,{'HKB'},"{'Healy, AK'}"
31036,6.110392980653975e-06,{'CKX'},"{'Chicken, AK'}"
30005,6.019306943085605e-06,{'05A'},"{'Little Squaw, AK'}"
34559,5.9802786374609744e-06,"{'RMP', 'AK7'}","{'Rampart, AK'}"
31007,5.893968567317801e-06,{'CIK'},"{'Chalkyitsik, AK'}"
32621,5.893968567317801e-06,{'KBC'},"{'Birch Creek, AK'}"
36694,5.807224518070172e-06,{'N2Y'},"{'Seneca Falls, NY'}"
32171,5.8019734109572146e-06,{'HNH'},"{'Hoonah, AK'}"
35731,5.765203171637804e-06,{'WCR'},"{'Chandalar, AK'}"
32993,5.7527843583436815e-06,{'LIV'},"{'Livengood, AK'}"
34551,5.74767938317417e-06,{'RLU'},"{'Bornite/Ruby Creek, AK'}"
35472,5.74767938317417e-06,{'UMT'},"{'Umiat, AK'}"
32633,5.733667946981754e-06,{'KCC'},"{'Coffman Cove, AK'}"
30040,5.622647315910232e-06,{'A27'},"{'Pogo Mines, AK'}"
33016,5.622647315910232e-06,{'MHM'},"{'Minchumina, AK'}"
30938,5.622647315910232e-06,{'CEM'},"{'Central, AK'}"
35504,5.622647315910232e-06,{'UTO'},"{'Utopia, AK'}"
35599,5.622647315910232e-06,{'VIK'},"{'Kavik River, AK'}"
35671,5.622647315910232e-06,{'VWZ'},"{'Granite Creek Mine, AK'}"
36699,5.622647315910232e-06,{'A6K'},"{'Fairbanks1, AK'}"
30076,5.622647315910232e-06,{'A63'},"{'Yukon Charley Rivvers, AK'}"
32122,5.622647315910232e-06,{'HGZ'},"{'Hogatza, AK'}"
35289,5.505506216856896e-06,{'TOA'},"{'Torrance, CA'}"
34062,5.481323370370971e-06,{'PEC'},"{'Pelican, AK'}"
34627,5.477344367302898e-06,{'RSH'},"{'Russian Mission, AK'}"
36649,5.061131161383062e-06,{'DE3'},"{'Dover-Cheswold, DE'}"
32769,4.81976092997575e-06,{'KOT'},"{'Kotlik, AK'}"
36809,4.758864537819313e-06,{'AZ7'},"{'Colorado City, AZ'}"
35554,4.706965829113816e-06,{'VAK'},"{'Chevak, AK'}"
34718,4.5081098009105435e-06,{'SCM'},"{'Scammon Bay, AK'}"
34119,4.380585837081552e-06,{'PIP'},"{'Pilot Point, AK'}"
34938,4.338282234481393e-06,{'SOP'},"{'Pinehurst/Southern Pines, NC'}"
32853,4.3265865862565735e-06,{'KWN'},"{'Quinhagak, AK'}"
30204,4.128820187748329e-06,{'AGN'},"{'Angoon, AK'}"
32815,4.0988724616187065e-06,{'KTB'},"{'Thorne Bay, AK'}"
35231,4.085135172202771e-06,{'TKE'},"{'Tenakee, AK'}"
34125,4.0623768814354424e-06,{'PIZ'},"{'Point Lay, AK'}"
34270,4.0372634542529885e-06,{'PTD'},"{'Port Alexander, AK'}"
32720,3.9812495770571805e-06,{'KLL'},"{'Levelock, AK'}"
33434,3.9462930204096526e-06,{'MOU'},"{'Mountain Village, AK'}"
30241,3.8350924544752396e-06,{'AKI'},"{'Akiak, AK'}"
32253,3.7988823126721418e-06,{'HYL'},"{'Hollis, AK'}"
35885,3.794749781561606e-06,{'WWP'},"{'Whale Pass, AK'}"
32784,3.7739504903054036e-06,{'KPV'},"{'Perryville, AK'}"
31484,3.7697413271657395e-06,{'EDA'},"{'Edna Bay, AK'}"
30020,3.751461738499386e-06,{'WLK'},"{'Selawik, AK'}"
30961,3.7190234091284767e-06,{'CGA'},"{'Craig, AK'}"
33693,3.717164469143592e-06,{'NKI'},"{'Naukiti, AK'}"
32773,3.694554252690332e-06,{'KPB'},"{'Point Baker, AK'}"
35195,3.690944653642127e-06,{'THA'},"{'Tullahoma, TN'}"
30416,3.682246391985996e-06,{'AUK'},"{'Alakanuk, AK'}"
34229,3.6695457982944647e-06,{'PPV'},"{'Port Protection, AK'}"
35754,3.6695457982944647e-06,{'WHD'},"{'Hyder, AK'}"
35793,3.6695457982944647e-06,{'WMK'},"{'Meyers Chuck, AK'}"
32857,3.6666888731694847e-06,{'KXA'},"{'Kasaan, AK'}"
32252,3.6666888731694847e-06,{'HYG'},"{'Hydaburg, AK'}"
33504,3.6653482434180142e-06,{'MTM'},"{'Metlakatla, AK'}"
36340,3.6653482434180142e-06,{'ZXH'},"{'Chomondely Sound, AK'}"
36529,3.658246188939989e-06,{'MA5'},"{'Northampton, MA'}"
31367,3.6159533057410692e-06,{'DOF'},"{'Dora Bay, AK'}"
36343,3.6159533057410692e-06,{'ZXK'},"{'Lancaster Cove, AK'}"
32847,3.6159533057410692e-06,{'KWF'},"{'Waterfall, AK'}"
36345,3.6159533057410692e-06,{'ZXM'},"{'Saltery Cove, AK'}"
36346,3.6159533057410692e-06,{'ZXN'},"{'Clover Bay, AK'}"
31619,3.5365020302998296e-06,{'EXI'},"{'Excursion Inlet, AK'}"
34234,3.422829730317251e-06,{'PQS'},"{'Pilot Station, AK'}"
32831,3.3819054668731083e-06,{'KUK'},"{'Kasigluk, AK'}"
32709,3.3062418307507318e-06,{'KKI'},"{'Akiachak, AK'}"
35257,3.1454641429688455e-06,{'TLT'},"{'Tuluksak, AK'}"
35148,3.0813595956687744e-06,{'TCC'},"{'Tucumcari, NM'}"
32844,3.076051243930204e-06,{'KVL'},"{'Kivalina, AK'}"
36555,3.0714014100388477e-06,{'NY9'},"{'Hornell, NY'}"
33743,2.9148045054637863e-06,{'JRV'},"{'Ceiba, PR'}"
32745,2.9074688271401147e-06,{'KNB'},"{'Kanab, UT'}"
32855,2.8711733661925804e-06,{'KWT'},"{'Kwethluk, AK'}"
35085,2.8275764715299404e-06,{'SXP'},"{'Sheldon Point, AK'}"
34464,2.5948741241768157e-06,{'UGS'},"{'Ugashik, AK'}"
31028,2.5908715783177586e-06,{'CKD'},"{'Crooked Creek, AK'}"
32708,2.58417685237697e-06,{'KKH'},"{'Kongiganak, AK'}"
31053,2.559999737903836e-06,{'CLP'},"{'Clarks Point, AK'}"
33770,2.536569854760645e-06,{'NUP'},"{'Nunapitchuk, AK'}"
35862,2.260096382886981e-06,{'WTL'},"{'Tuntutuliak, AK'}"
36779,2.2240502069906165e-06,{'MA6'},"{'Hopedale, MA'}"
32851,2.1847736373524007e-06,{'KWK'},"{'Kwigillingok, AK'}"
34130,2.1809766142303697e-06,{'PKA'},"{'Napaskiak, AK'}"
35282,2.1611248778907744e-06,{'TNK'},"{'Tununak, AK'}"
31411,2.146594014038694e-06,{'DRG'},"{'Deering, AK'}"
32268,2.1344681080715124e-06,{'IAN'},"{'Kiana, AK'}"
31545,2.1287894393608455e-06,{'ELV'},"{'Elfin Cove, AK'}"
35794,2.073447344524013e-06,{'WMO'},"{'White Mountain, AK'}"
31720,2.001532804164083e-06,{'FNR'},"{'Funter Bay Alaska, AK'}"
34028,2.001532804164083e-06,{'PBK'},"{'Pack Creek, AK'}"
31230,2.001532804164083e-06,{'CYM'},"{'Chatham, AK'}"
30886,2.001532804164083e-06,{'CBA'},"{'Corner Bay, AK'}"
30697,1.9821381575355098e-06,{'BNF'},"{'Baranof, AK'}"
35887,1.9266771565733984e-06,{'WWT'},"{'Newtok, AK'}"
31227,1.9141525257352245e-06,{'CYF'},"{'Chefornak, AK'}"
36765,1.8259929933787996e-06,{'NJ8'},"{'West Milford, NJ'}"
30996,1.8071769216381907e-06,{'CHU'},"{'Chuathbaluk, AK'}"
33894,1.775038960425151e-06,{'OOK'},"{'Toksook, AK'}"
30405,1.766847276675194e-06,{'ATT'},"{'Atmautluak, AK'}"
34880,1.6527904158603224e-06,{'SLQ'},"{'Sleetmute, AK'}"
34378,1.6248410638902732e-06,{'QCX'},"{'Martinsville, VA'}"
34987,1.5923850887188494e-06,{'SRV'},"{'Stony River, AK'}"
33579,1.4783227593227443e-06,{'MYU'},"{'Mekoryuk, AK'}"
33710,1.4494552202420528e-06,{'NME'},"{'Nightmute, AK'}"
31406,1.4421226361054462e-06,{'PTU'},"{'Platinum, AK'}"
34572,1.4397208611389013e-06,{'RNT'},"{'Renton, WA'}"
32737,1.3420943904649127e-06,{'KMO'},"{'Manokotak, AK'}"
33863,1.306197129498279e-06,{'OLH'},"{'Old Harbor, AK'}"
35798,1.2956052920829996e-06,{'WNA'},"{'Napakiak, AK'}"
36311,1.1442111278186605e-06,{'ZNC'},"{'Nyac, AK'}"
33714,9.672330673619152e-07,{'NNK'},"{'Naknek, AK'}"
35385,9.613080001072166e-07,{'TWA'},"{'Twin Hills, AK'}"
35849,9.444006429324779e-07,{'WWA'},"{'Wasilla, AK'}"
33934,8.396417636226302e-07,{'ORI'},"{'Port Lions, AK'}"
32866,8.254085565458162e-07,{'KYK'},"{'Karluk, AK'}"
30923,7.163456499733423e-07,{'CDL'},"{'Candle, AK'}"
33111,6.50997820846454e-07,{'LUR'},"{'Cape Lisburne, AK'}"
31512,6.200255140368117e-07,{'EHM'},"{'Cape Newenham, AK'}"
31241,5.928802586048274e-07,{'CZF'},"{'Cape Romanzof, AK'}"
33841,5.58999550354554e-07,{'OHC'},"{'Northeast Cape, AK'}"
35278,5.58999550354554e-07,{'TNC'},"{'Tin City, AK'}"
34316,5.580160443054714e-07,{'PVY'},"{'Pope Vanoy, AK'}"
36651,5.405457007242341e-07,{'A1K'},"{'Deadhorse1, AK'}"
35215,5.225050678128655e-07,{'TIQ'},"{'Tinian, TT'}"
34955,5.225050678128655e-07,{'SPN'},"{'Saipan, TT'}"
34582,5.225050678128655e-07,{'ROP'},"{'Rota, TT'}"
33574,5.105015878059493e-07,{'MYK'},"{'May Creek, AK'}"
33564,5.105015878059493e-07,{'MXY'},"{'McCarthy, AK'}"
31813,5.059157262263306e-07,{'FVQ'},"{'Donlin Creek Mine, AK'}"
31245,4.877456647437428e-07,{'CZN'},"{'Chisana, AK'}"
35069,4.856715602534609e-07,{'SWD'},"{'Seward, AK'}"
34942,4.598077692132493e-07,{'SOV'},"{'Seldovia, AK'}"
34088,4.598077692132493e-07,{'PGM'},"{'Port Graham, AK'}"
32649,4.598077692132493e-07,{'KEB'},"{'Nanwalek, AK'}"
30056,4.5671277643548524e-07,{'A43'},"{'Kodiak Island, AK'}"
32786,4.560271551860942e-07,{'KQA'},"{'Akutan, AK'}"
32772,4.51187183144177e-07,{'KOZ'},"{'Ouzinkie, AK'}"
30085,4.447105827610865e-07,{'A72'},"{'Chinitna Bay, AK'}"
30016,4.447105827610865e-07,{'A03'},"{'Hallo Bay, AK'}"
30243,4.4325292526453027e-07,{'AKK'},"{'Akhiok, AK'}"
32315,4.3396151036742376e-07,{'IKO'},"{'Nikolski, AK'}"
31410,4.3347839681022915e-07,{'DRF'},"{'Drift River, AK'}"
30278,4.284668294904999e-07,{'ALZ'},"{'Lazy Bay, AK'}"
30042,4.284668294904999e-07,{'A29'},"{'Kiluda Bay, AK'}"
31299,4.284668294904999e-07,{'DGB'},"{'Danger Bay, AK'}"
34855,4.210472723446435e-07,{'SKJ'},"{'Sitkinak, AK'}"
30344,1.4505635662439461e-08,{'AQY'},"{'Girdwood, AK'}"
35086,8.035353751928638e-09,{'SXQ'},"{'Soldotna, AK'}"
32743,7.4195571458564214e-09,{'KMY'},"{'Moser Bay, AK'}"
32771,7.4195571458564214e-09,{'KOY'},"{'Olga Bay, AK'}"
32782,7.4195571458564214e-09,{'KPR'},"{'Port Williams, AK'}"
32785,7.4195571458564214e-09,{'KPY'},"{'Port Bailey, AK'}"
32712,7.4195571458564214e-09,{'KKL'},"{'Karluk Lake, AK'}"
32705,7.4195571458564214e-09,{'KKB'},"{'Kitoi Bay, AK'}"
32509,7.4195571458564214e-09,{'JLA'},"{'Cooper Lodge, AK'}"
31513,7.4195571458564214e-09,{'EHR'},"{'Eagle Harbor, AK'}"
32869,7.4195571458564214e-09,{'KZB'},"{'Zachar Bay, AK'}"
30556,7.4195571458564214e-09,{'BFB'},"{'Blue Fox Bay, AK'}"
30100,7.4195571458564214e-09,{'A87'},"{'Carry Inlet, AK'}"
30078,7.4195571458564214e-09,{'A65'},"{'Karluk Portage, AK'}"
30043,7.4195571458564214e-09,{'A30'},"{'Terror Lake, AK'}"
32854,7.4195571458564214e-09,{'KWP'},"{'West Point, AK'}"
30017,7.4195571458564214e-09,{'A04'},"{'Red Lake, AK'}"
30063,7.4195571458564214e-09,{'A50'},"{'Big Bay, AK'}"
30006,7.4195571458564214e-09,{'06A'},"{'Kizhuyak, AK'}"
35091,7.4195571458564214e-09,{'SYB'},"{'Seal Bay, AK'}"
35446,7.4195571458564214e-09,{'UGI'},"{'Uganik, AK'}"
35836,7.4195571458564214e-09,{'WQX'},"{'Kiavak, AK'}"
33888,7.4195571458564214e-09,{'ONN'},"{'Onion Bay, AK'}"
31174,3.7676034086483933e-41,{'CTX'},"{'Cortland, NY'}"
36527,0.0,{'OBE'},"{'Okeechobee, FL'}"
32716,0.0,{'KKU'},"{'Ekuk, AK'}"
33546,0.0,{'MWH'},"{'Moses Lake, WA'}"
32983,0.0,{'LIJ'},"{'Long Island, AK'}"
30065,0.0,{'A52'},"{'Silver Salmon Creek, AK'}"
34323,0.0,{'PWT'},"{'Bremerton, WA'}"
34201,0.0,{'POF'},"{'Poplar Bluff, MO'}"
34975,0.0,{'SRC'},"{'Searcy, AR'}"
35931,0.0,{'XSM'},"{'Leonardtown, MD'}"
33470,0.0,{'MRN'},"{'Morganton, NC'}"
34744,0.0,{'SDX'},"{'Sedona, AZ'}"
30047,0.0,{'A34'},"{'Laura Lake, AK'}"
36698,0.0,{'N2C'},"{'Monroe, NC'}"
33464,0.0,{'MRC'},"{'Columbia, TN'}"
34618,0.0,{'RQZ'},"{'Mary Esther, FL'}"
30039,0.0,{'A26'},"{'Ivotuk, AK'}"
33469,0.0,{'MRK'},"{'Marco Island, FL'}"
33392,0.0,{'MML'},"{'Marshall, MN'}"
33537,0.0,{'MVN'},"{'Mount Vernon, IL'}"
35565,0.0,{'VCB'},"{'View Cove, AK'}"
34215,0.0,{'POY'},"{'Powell, WY'}"
36443,0.0,{'NY5'},"{'Millbrook, NY'}"
36792,0.0,{'FFL'},"{'Fairfield, IA'}"
36608,0.0,{'VT2'},"{'Warren, VT'}"
30374,0.0,{'ASH'},"{'Nashua, NH'}"
31862,0.0,{'GBR'},"{'Great Barrington, MA'}"
31434,0.0,{'DUA'},"{'Durant, OK'}"
30294,0.0,{'AMW'},"{'Ames, IA'}"
30050,0.0,{'A37'},"{'Kako, AK'}"
30114,0.0,{'JZE'},"{'Trading Bay, AK'}"
30172,0.0,{'ADW'},"{'Camp Springs, MD'}"
31627,0.0,{'F70'},"{'Murrieta/Temecula, CA'}"
34013,0.0,{'PAQ'},"{'Palmer, AK'}"
35676,0.0,{'VZA'},"{'Marvel Creek Mine, AK'}"
36567,0.0,{'AK6'},"{'Gold King 2, AK'}"
30167,0.0,{'ADM'},"{'Ardmore, OK'}"
36339,0.0,{'ZXF'},"{'Illinois Creek, AK'}"
34691,0.0,{'SBD'},"{'San Bernardino, CA'}"
31811,0.0,{'FVO'},"{'Aurora, OR'}"
35393,0.0,{'TX1'},"{'Mesquite, TX'}"
30084,0.0,{'WDB'},"{'Wide Bay, AK'}"
34972,0.0,{'SQV'},"{'Sequim, WA'}"
34631,0.0,{'RSP'},"{'Raspberry Strait, AK'}"
35856,0.0,{'WSX'},"{'Westsound, WA'}"
36587,0.0,{'DHB'},"{'Deer Harbor, WA'}"
34965,0.0,{'SQA'},"{'Santa Ynez, CA'}"
36791,0.0,{'LA4'},"{'New Roads, LA'}"
32216,0.0,{'HST'},"{'Homestead, FL'}"
30010,0.0,{'1B1'},"{'Hudson, NY'}"
32187,0.0,{'HOP'},"{'Hopkinsville, KY'}"
35625,0.0,{'VPZ'},"{'Valparaiso, IN'}"
32021,0.0,{'GUS'},"{'Peru, IN'}"
