CITY_MARKET_ID,label,AIRPORT,CITY_NAME
31646,8,"{'FRD', 'FBS'}","{'Friday Harbor, WA'}"
36635,8,{'WA1'},"{'Camp Orkila Eastsound, WA'}"
35856,8,{'WSX'},"{'Westsound, WA'}"
34628,8,{'RSJ'},"{'Rosario, WA'}"
34572,8,{'RNT'},"{'Renton, WA'}"
34477,8,{'RCE'},"{'Roche Harbor, WA'}"
34323,8,{'PWT'},"{'Bremerton, WA'}"
36809,7,{'AZ7'},"{'Colorado City, AZ'}"
33536,7,{'MVM'},"{'Kayenta, AZ'}"
32297,7,{'IGM'},"{'Kingman, AZ'}"
30011,7,"{'1G4', 'PGS'}","{'Peach Springs, AZ'}"
30463,7,"{'GCN', 'AZ1'}","{'Grand Canyon, AZ'}"
30661,7,{'BLD'},"{'Boulder City, NV'}"
31399,7,{'DQS'},"{'Whitmore, AZ'}"
33572,7,{'L41'},"{'Marble Canyon, AZ'}"
34081,7,{'PGA'},"{'Page, AZ'}"
34794,7,{'SGU'},"{'St. George, UT'}"
35972,7,{'XXO'},"{'Hurricane, UT'}"
35532,7,{'UXR'},"{'Monument Valley, UT'}"
30950,7,{'CEZ'},"{'Cortez, CO'}"
32745,7,{'KNB'},"{'Kanab, UT'}"
35215,6,{'TIQ'},"{'Tinian, TT'}"
32982,6,{'LIH'},"{'Lihue, HI'}"
32134,6,"{'HNL', 'HIK'}","{'Honolulu, HI'}"
32136,6,{'HIO'},"{'Hillsboro, OR'}"
32402,6,{'ITO'},"{'Hilo, HI'}"
32758,6,{'KOA'},"{'Kona, HI'}"
33520,6,{'MUE'},"{'Kamuela, HI'}"
32174,6,{'HNM'},"{'Hana, HI'}"
33830,6,{'OGG'},"{'Kahului, HI'}"
34222,6,{'PPG'},"{'Pago Pago, TT'}"
33109,6,{'LUP'},"{'Kalaupapa, HI'}"
33049,6,{'VBG'},"{'Lompoc, CA'}"
32492,6,{'JHM'},"{'Kapalua, HI'}"
32016,6,"{'GUM', 'UAM'}","{'Guam, TT'}"
30982,6,{'CHD'},"{'Chandler, AZ'}"
30439,6,{'AWK'},"{'Wake Island, TT'}"
35498,6,{'UT1'},"{'Heber, UT'}"
34955,6,{'SPN'},"{'Saipan, TT'}"
33034,6,{'LNY'},"{'Lanai, HI'}"
33347,6,{'MKK'},"{'Hoolehua, HI'}"
34582,6,{'ROP'},"{'Rota, TT'}"
31905,6,{'GGG'},"{'Longview, TX'}"
31656,5,{'FDK'},"{'Frederick, MD'}"
34306,5,{'PVC'},"{'Provincetown, MA'}"
36526,5,{'ME3'},"{'Belfast, ME'}"
35167,5,{'TEB'},"{'Teterboro, NJ'}"
36515,5,{'PA5'},"{'West Chester, PA'}"
36510,5,{'DE2'},"{'Middletown, DE'}"
36488,5,{'NY7'},"{'Skaneateles, NY'}"
36460,5,{'MD1'},"{'Michellville, MD'}"
35882,5,{'WWD'},"{'Cape May, NJ'}"
35855,5,{'WST'},"{'Westerly, RI'}"
35656,5,{'VWK'},"{'Saratoga Springs, NY'}"
35427,5,{'UBF'},"{'Chatham, MA'}"
34875,5,{'SLK'},"{'Saranac Lake/Lake Placid, NY'}"
34553,5,{'RME'},"{'Rome, NY'}"
33782,5,{'NY2'},"{'Fulton, NY'}"
36608,5,{'VT2'},"{'Warren, VT'}"
33731,5,{'NPT'},"{'Newport, RI'}"
33685,5,{'NJ1'},"{'Berlin, NJ'}"
33674,5,{'NHZ'},"{'Brunswick, ME'}"
30933,5,{'CEF'},"{'Chicopee Falls, MA'}"
33535,5,{'MVL'},"{'Morrisville, VT'}"
33507,5,{'MTP'},"{'Montauk Point, NY'}"
33450,5,{'MPV'},"{'Montpelier/Barre, VT'}"
33152,5,{'MA1'},"{'Edgartown, MA'}"
33008,5,{'LKP'},"{'Lake Placid, NY'}"
32944,5,{'LEW'},"{'Lewiston/Auburn, ME'}"
32932,5,{'LEB'},"{'Lebanon-Hanover, NH'}"
36573,5,{'VT1'},"{'West Dover, VT'}"
36664,5,{'GTY'},"{'Gettysburg, PA'}"
31564,5,{'ENW'},"{'Kenosha, WI'}"
36779,5,{'MA6'},"{'Hopedale, MA'}"
30569,5,{'BFT'},"{'Beaufort, SC'}"
30309,5,{'ANP'},"{'Annapolis, MD'}"
35195,5,{'THA'},"{'Tullahoma, TN'}"
33987,5,{'OXC'},"{'Waterbury, CT'}"
31842,5,{'GAI'},"{'Gaithersburg, MD'}"
33125,5,{'LWM'},"{'Lawrence, MA'}"
31703,5,"{'JRB', 'EWR', 'HPN', 'ISP', 'TSS', 'JFK', 'SWF', 'LGA', 'JRA'}","{'New York, NY', 'White Plains, NY', 'Newark, NJ', 'Newburgh/Poughkeepsie, NY', 'Islip, NY'}"
33236,5,{'ME1'},"{'Rangeley, ME'}"
33392,5,{'MML'},"{'Marshall, MN'}"
33470,5,{'MRN'},"{'Morganton, NC'}"
34212,5,{'POU'},"{'Poughkeepsie, NY'}"
33398,5,{'MMU'},"{'Morristown, NJ'}"
33493,5,{'MSV'},"{'Monticello, NY'}"
33845,5,{'OIC'},"{'Norwich, NY'}"
34648,5,{'RUT'},"{'Rutland, VT'}"
34713,5,{'SCH'},"{'Schenectady, NY'}"
32661,5,{'OCA'},"{'Key Largo, FL'}"
34769,5,{'SFM'},"{'Sanford, ME'}"
35203,5,{'THV'},"{'York, PA'}"
35931,5,{'XSM'},"{'Leonardtown, MD'}"
36516,5,{'MA4'},"{'Marshfield, MA'}"
36527,5,{'OBE'},"{'Okeechobee, FL'}"
36529,5,{'MA5'},"{'Northampton, MA'}"
36787,5,{'N4Y'},"{'Southampton, NY'}"
36785,5,{'NH4'},"{'Moultonboro, NH'}"
32916,5,{'LCI'},"{'Laconia, NH'}"
31174,5,{'CTX'},"{'Cortland, NY'}"
32250,5,{'HYA'},"{'Hyannis, MA'}"
31106,5,{'CON'},"{'Concord, NH'}"
34259,5,{'PSM'},"{'Portsmouth, NH'}"
32265,5,{'IAG'},"{'Niagara Falls, NY'}"
32587,5,{'JZI'},"{'Portland, TN'}"
32244,5,{'HVN'},"{'New Haven, CT'}"
31165,5,{'CTH'},"{'Coatesville, PA'}"
36618,5,{'MQI'},"{'Quincy, MA'}"
35447,5,{'UGN'},"{'Waukegan, IL'}"
34802,5,{'SHD'},"{'Staunton, VA'}"
34231,5,{'PQI'},"{'Presque Isle/Houlton, ME'}"
33490,5,{'MSS'},"{'Massena, NY'}"
32397,5,{'ITH'},"{'Ithaca/Cortland, NY'}"
33541,5,{'MVY'},"{""Martha's Vineyard, MA""}"
31364,5,{'DXR'},"{'Danbury, CT'}"
30815,5,{'BVY'},"{'Beverly, MA'}"
32222,5,{'HTO'},"{'East Hampton, NY'}"
30577,5,{'BGM'},"{'Binghamton, NY'}"
30154,5,{'ACK'},"{'Nantucket, MA'}"
34530,5,{'RIL'},"{'Rifle, CO'}"
34792,5,{'SGR'},"{'Sugar Land, TX'}"
31537,5,{'ELM'},"{'Elmira/Corning, NY'}"
30613,5,{'BID'},"{'Block Island, RI'}"
30478,5,{'BAF'},"{'Westfield, MA'}"
31672,5,{'FID'},"{'Fishers Island, NY'}"
30589,5,{'BHB'},"{'Bar Harbor, ME'}"
32494,5,{'JHW'},"{'Jamestown, NY'}"
33032,5,{'LNS'},"{'Lancaster, PA'}"
33282,5,{'MGW'},"{'Morgantown, WV'}"
36452,5,{'VGC'},"{'Hamilton, NY'}"
34539,5,{'RKD'},"{'Rockland, ME'}"
35030,5,{'SUA'},"{'Stuart, FL'}"
31764,5,{'FRG'},"{'East Farmingdale, NY'}"
31728,5,{'FOK'},"{'Westhampton, NY'}"
31961,5,{'GON'},"{'New London/Groton, CT'}"
36751,5,{'P1A'},"{'Farmington, PA'}"
31773,5,{'FRY'},"{'Fryeburg, ME'}"
31659,5,{'FDY'},"{'Findlay, OH'}"
31615,5,{'EWB'},"{'New Bedford/Fall River, MA'}"
31493,5,{'EEN'},"{'Keene, NH'}"
33808,5,{'OCE'},"{'Ocean City, MD'}"
30927,5,{'CDW'},"{'Caldwell, NJ'}"
30780,5,{'BTP'},"{'Butler, PA'}"
30687,5,{'BML'},"{'Berlin, NH'}"
30372,5,{'ASE'},"{'Aspen, CO'}"
30670,5,{'BLM'},"{'Belmar/Farmingdale, NJ'}"
30663,5,{'BLF'},"{'Princeton/Bluefield, WV'}"
30573,5,{'BGE'},"{'Bainbridge, GA'}"
30519,5,{'BCT'},"{'Boca Raton, FL'}"
30540,5,{'BED'},"{'Bedford, MA'}"
30508,5,{'BCB'},"{'Blacksburg, VA'}"
30504,5,{'BBX'},"{'Blue Bell, PA'}"
30414,5,"{'AUG', 'WVL'}","{'Augusta/Waterville, ME'}"
30348,5,{'ARB'},"{'Ann Arbor, MI'}"
34332,5,{'PYM'},"{'Plymouth, MA'}"
30721,5,"{'PVD', 'MHT', 'BOS'}","{'Manchester, NH', 'Providence, RI', 'Boston, MA'}"
30779,5,{'BTM'},"{'Butte, MT'}"
33933,5,{'ORH'},"{'Worcester, MA'}"
30361,5,{'ART'},"{'Watertown, NY'}"
33139,5,{'LYH'},"{'Lynchburg, VA'}"
36353,5,{'ZXU'},"{'North Kingstown, RI'}"
34778,5,{'SFZ'},"{'Smithfield, RI'}"
31745,5,{'FQL'},"{'Flora, IL'}"
31899,5,{'GFL'},"{'Glens Falls, NY'}"
36443,5,{'NY5'},"{'Millbrook, NY'}"
30535,5,{'BDR'},"{'Bridgeport, CT'}"
35534,5,{'LPR'},"{'Lorain/Elyria, OH'}"
35615,5,{'VNC'},"{'Venice, FL'}"
30374,5,{'ASH'},"{'Nashua, NH'}"
31862,5,{'GBR'},"{'Great Barrington, MA'}"
33338,5,{'MJX'},"{'Toms River, NJ'}"
33984,5,{'OWD'},"{'Norwood, MA'}"
34044,5,{'PCT'},"{'Princeton, NJ'}"
30964,5,{'CGE'},"{'Cambridge, MD'}"
35529,5,{'UXO'},"{'Fitchburg, MA'}"
32130,5,{'HIE'},"{'Whitefield, NH'}"
34255,5,{'PSF'},"{'Pittsfield, MA'}"
36792,5,{'FFL'},"{'Fairfield, IA'}"
36431,5,{'6B0'},"{'Middlebury, VT'}"
36539,5,{'ME4'},"{'Oxford, ME'}"
36554,5,{'NJ4'},"{'Ocean City, NJ'}"
36694,5,{'N2Y'},"{'Seneca Falls, NY'}"
35342,5,{'TSM'},"{'Taos, NM'}"
32254,5,{'HYR'},"{'Hayward, WI'}"
30010,5,{'1B1'},"{'Hudson, NY'}"
36703,5,{'N3Y'},"{'Ticonderoga, NY'}"
36555,5,{'NY9'},"{'Hornell, NY'}"
30565,5,{'BFP'},"{'Beaver Falls, PA'}"
36765,5,{'NJ8'},"{'West Milford, NJ'}"
33783,5,{'ONH'},"{'Oneonta, NY'}"
33446,5,{'MPO'},"{'Mt. Pocono, PA'}"
36649,5,{'DE3'},"{'Dover-Cheswold, DE'}"
33599,5,{'NAD'},"{'North Adams, MA'}"
33781,5,{'NY1'},"{'Kingston, NY'}"
34201,5,{'POF'},"{'Poplar Bluff, MO'}"
32983,4,{'LIJ'},"{'Long Island, AK'}"
32773,4,{'KPB'},"{'Point Baker, AK'}"
32815,4,{'KTB'},"{'Thorne Bay, AK'}"
32847,4,{'KWF'},"{'Waterfall, AK'}"
32857,4,{'KXA'},"{'Kasaan, AK'}"
34229,4,{'PPV'},"{'Port Protection, AK'}"
33504,4,{'MTM'},"{'Metlakatla, AK'}"
33693,4,{'NKI'},"{'Naukiti, AK'}"
34797,4,{'SGY'},"{'Skagway, AK'}"
32253,4,{'HYL'},"{'Hollis, AK'}"
35754,4,{'WHD'},"{'Hyder, AK'}"
32633,4,{'KCC'},"{'Coffman Cove, AK'}"
36343,4,{'ZXK'},"{'Lancaster Cove, AK'}"
32252,4,{'HYG'},"{'Hydaburg, AK'}"
31484,4,{'EDA'},"{'Edna Bay, AK'}"
31367,4,{'DOF'},"{'Dora Bay, AK'}"
30961,4,{'CGA'},"{'Craig, AK'}"
35841,4,{'WRG'},"{'Wrangell, AK'}"
34828,4,{'SIT'},"{'Sitka, AK'}"
34256,4,{'PSG'},"{'Petersburg, AK'}"
32610,4,{'KAE'},"{'Kake, AK'}"
32523,4,{'JNU'},"{'Juneau, AK'}"
32171,4,{'HNH'},"{'Hoonah, AK'}"
30007,4,{'KLW'},"{'Klawock, AK'}"
35885,4,{'WWP'},"{'Whale Pass, AK'}"
35793,4,{'WMK'},"{'Meyers Chuck, AK'}"
31401,4,"{'WFB', 'DQU', 'KTN'}","{'Ketchikan, AK'}"
31720,4,{'FNR'},"{'Funter Bay Alaska, AK'}"
30697,4,{'BNF'},"{'Baranof, AK'}"
34062,4,{'PEC'},"{'Pelican, AK'}"
34028,4,{'PBK'},"{'Pack Creek, AK'}"
34270,4,{'PTD'},"{'Port Alexander, AK'}"
31545,4,{'ELV'},"{'Elfin Cove, AK'}"
31230,4,{'CYM'},"{'Chatham, AK'}"
30913,4,"{'CKU', 'CDV'}","{'Cordova, AK'}"
30886,4,{'CBA'},"{'Corner Bay, AK'}"
30204,4,{'AGN'},"{'Angoon, AK'}"
31997,4,{'GST'},"{'Gustavus, AK'}"
35231,4,{'TKE'},"{'Tenakee, AK'}"
31619,4,{'EXI'},"{'Excursion Inlet, AK'}"
31402,4,{'HNS'},"{'Haines, AK'}"
36346,4,{'ZXN'},"{'Clover Bay, AK'}"
35991,4,{'YAK'},"{'Yakutat, AK'}"
36345,4,{'ZXM'},"{'Saltery Cove, AK'}"
36340,4,{'ZXH'},"{'Chomondely Sound, AK'}"
35550,3,"{'VAD', 'VLD'}","{'Valdosta, GA'}"
34945,3,"{'STT', 'SPB'}","{'Charlotte Amalie, VI'}"
32119,3,{'HGR'},"{'Hagerstown, MD'}"
31067,3,{'CMI'},"{'Champaign/Urbana, IL'}"
34986,3,{'SRQ'},"{'Sarasota/Bradenton, FL'}"
32559,3,{'JST'},"{'Johnstown, PA'}"
30469,3,{'AZO'},"{'Kalamazoo, MI'}"
35620,3,{'VOK'},"{'Camp Douglas, WI'}"
35096,3,{'SYR'},"{'Syracuse, NY'}"
34100,3,"{'P2A', 'PNE', 'WKV', 'PHL'}","{'Philadelphia, PA'}"
32863,3,{'KY5'},"{'Madisonville, KY'}"
32951,3,{'LFT'},"{'Lafayette, LA'}"
34952,3,{'SPI'},"{'Springfield, IL'}"
33155,3,"{'WRB', 'MCN'}","{'Macon, GA'}"
34783,3,{'SGF'},"{'Springfield, MO'}"
34992,3,"{'STX', 'SSB'}","{'Christiansted, VI'}"
35165,3,{'TOL'},"{'Toledo, OH'}"
32556,3,{'STC'},"{'St. Cloud, MN'}"
34574,3,{'ROA'},"{'Roanoke, VA'}"
34108,3,{'PIA'},"{'Peoria, IL'}"
31979,3,{'TCM'},"{'Tacoma, WA'}"
35323,3,{'TRI'},"{'Bristol/Johnson City/Kingsport, TN'}"
34696,3,{'SBN'},"{'South Bend, IN'}"
34711,3,{'SCE'},"{'State College, PA'}"
30408,3,{'ATW'},"{'Appleton, WI'}"
30146,3,{'ABY'},"{'Albany, GA'}"
30431,3,{'AVL'},"{'Asheville, NC'}"
30643,3,{'BKG'},"{'Branson, MO'}"
32070,3,"{'HAR', 'MDT'}","{'Harrisburg, PA'}"
31992,3,{'GSB'},"{'Goldsboro, NC'}"
33273,3,{'MGE'},"{'Marietta, GA'}"
35639,3,{'VUJ'},"{'Albemarle, NC'}"
31577,3,{'ERI'},"{'Erie, PA'}"
36784,3,{'GA8'},"{'Monroe, GA'}"
32467,3,"{'FXE', 'MIA', 'OPF', 'FLL', 'MPB', 'TMB'}","{'Fort Lauderdale, FL', 'Miami, FL'}"
31288,3,{'DEC'},"{'Decatur, IL'}"
36812,3,{'1TN'},"{'Lexington Parsons, TN'}"
32068,3,{'HAO'},"{'Hamilton, OH'}"
36570,3,{'NJ5'},"{'Sussex, NJ'}"
36612,3,{'WI3'},"{'Ehpriam, WI'}"
31582,3,{'ERV'},"{'Kerrville, TX'}"
31592,3,{'ESN'},"{'Easton, MD'}"
34025,3,{'PBG'},"{'Plattsburgh, NY'}"
33241,3,{'MEI'},"{'Meridian, MS'}"
33256,3,{'MFE'},"{'Mission/McAllen/Edinburg, TX'}"
33121,3,{'LWB'},"{'Lewisburg, WV'}"
32898,3,{'LBE'},"{'Latrobe, PA'}"
32884,3,{'LAN'},"{'Lansing, MI'}"
32878,3,{'LAF'},"{'Lafayette, IN'}"
31479,3,{'ECG'},"{'Elizabeth City, NC'}"
33461,3,{'MQY'},"{'Smyrna, TN'}"
31982,3,{'GRK'},"{'Killeen, TX'}"
33485,3,{'MSN'},"{'Madison, WI'}"
32223,3,{'HTS'},"{'Ashland, WV'}"
31995,3,{'GSO'},"{'Greensboro/High Point, NC'}"
30990,3,{'CHO'},"{'Charlottesville, VA'}"
31699,3,{'FLO'},"{'Florence, SC'}"
30135,3,{'ABE'},"{'Allentown/Bethlehem/Easton, PA'}"
31308,3,{'DHN'},"{'Dothan, AL'}"
30322,3,{'AOO'},"{'Altoona, PA'}"
31973,3,{'GPT'},"{'Gulfport/Biloxi, MS'}"
31252,3,{'DAB'},"{'Daytona Beach, FL'}"
30300,3,{'AND'},"{'Anderson, SC'}"
30294,3,{'AMW'},"{'Ames, IA'}"
30208,3,{'AGS'},"{'Augusta, GA'}"
34761,3,{'SFB'},"{'Sanford, FL'}"
34082,3,{'PGD'},"{'Punta Gorda, FL'}"
31135,3,"{'MYR', 'CRE'}","{'Myrtle Beach, SC'}"
32448,3,"{'JAN', 'HKS'}","{'Jackson/Vicksburg, MS', 'Jackson, MS'}"
31150,3,{'CSG'},"{'Columbus, GA'}"
33795,3,{'OAJ'},"{'Jacksonville/Camp Lejeune, NC'}"
32474,3,{'COU'},"{'Columbia, MO'}"
31146,3,{'CRW'},"{'Charleston/Dunbar, WV'}"
33029,3,{'LNK'},"{'Lincoln, NE'}"
33418,3,{'MNZ'},"{'Manassas, VA'}"
30980,3,{'CHA'},"{'Chattanooga, TN'}"
33809,3,{'OCF'},"{'Ocala, FL'}"
30894,3,{'GTR'},"{'Columbus, MS'}"
30785,3,{'BTV'},"{'Burlington, VT'}"
34378,3,{'QCX'},"{'Martinsville, VA'}"
30562,3,"{'BFM', 'MOB'}","{'Mobile, AL'}"
30185,3,"{'ESF', 'AEX'}","{'Alexandria, LA'}"
31612,3,{'EVV'},"{'Evansville, IN'}"
31617,3,{'EWN'},"{'New Bern/Morehead/Beaufort, NC'}"
31624,3,"{'NQX', 'EYW'}","{'Key West, FL'}"
31641,3,"{'POB', 'FAY'}","{'Fayetteville, NC'}"
31684,3,{'FKL'},"{'Franklin/Oil City, PA'}"
31504,3,{'VPS'},"{'Valparaiso, FL'}"
31441,3,{'DUJ'},"{'DuBois, PA'}"
35153,3,{'TCL'},"{'Tuscaloosa, AL'}"
33484,3,{'MSL'},"{'Muscle Shoals, AL'}"
33377,3,{'MLU'},"{'Monroe, LA'}"
35412,3,{'TYS'},"{'Knoxville, TN'}"
30781,3,{'BTR'},"{'Baton Rouge, LA'}"
35249,3,{'TLH'},"{'Tallahassee, FL'}"
30557,3,{'BFD'},"{'Bradford, PA'}"
35356,3,{'TTN'},"{'Trenton, NJ'}"
33360,3,{'MLB'},"{'Melbourne, FL'}"
30434,3,{'AVP'},"{'Scranton/Wilkes-Barre, PA'}"
33348,3,{'MKL'},"{'Jackson, TN'}"
33277,3,"{'MXF', 'MGM'}","{'Montgomery, AL'}"
32945,3,{'LEX'},"{'Lexington, KY'}"
35411,3,{'TYR'},"{'Tyler, TX'}"
32544,3,{'USA'},"{'Concord, NC'}"
32348,3,{'INT'},"{'Winston-Salem, NC'}"
36528,3,{'RBW'},"{'Walterboro, SC'}"
32323,3,{'ILM'},"{'Wilmington, NC'}"
31953,3,{'GNV'},"{'Gainesville, FL'}"
31823,3,{'FWA'},"{'Fort Wayne, IN'}"
30298,3,{'ANB'},"{'Anniston, AL'}"
34109,3,"{'HBG', 'PIB'}","{'Hattiesburg, MS', 'Hattiesburg/Laurel, MS'}"
36665,3,{'MI6'},"{'Dowagiac, MI'}"
32365,3,{'IPT'},"{'Williamsport, PA'}"
30329,3,{'APF'},"{'Naples, FL'}"
30581,3,{'BGR'},"{'Bangor, ME'}"
31375,3,{'DOV'},"{'Dover, DE'}"
32187,3,{'HOP'},"{'Hopkinsville, KY'}"
31391,3,{'DQK'},"{'Fort Drum, NY'}"
33537,3,{'MVN'},"{'Mount Vernon, IL'}"
30683,3,{'BMG'},"{'Bloomington, IN'}"
30693,3,"{'TN8', 'BNA'}","{'Nashville, TN'}"
35374,3,{'TUP'},"{'Tupelo, MS'}"
30975,3,{'CGS'},"{'College Park, MD'}"
34454,3,{'RIV'},"{'Riverside, CA'}"
30255,3,"{'AL3', 'HSV'}","{'Huntsville, AL'}"
30397,3,"{'PDK', 'FTY', 'QMA', 'ATL'}","{'Atlanta, GA', 'Kennesaw, GA'}"
33983,3,{'OWB'},"{'Owensboro, KY'}"
34975,3,{'SRC'},"{'Searcy, AR'}"
36788,3,{'FL8'},"{'Deland, FL'}"
36763,3,{'AL9'},"{'Sylacauga, AL'}"
33619,3,{'NC1'},"{'Gastonia, NC'}"
34938,3,{'SOP'},"{'Pinehurst/Southern Pines, NC'}"
33595,3,{'MZZ'},"{'Marion, IN'}"
35481,3,{'UOX'},"{'Oxford, MS'}"
33870,3,{'OLV'},"{'Olive Branch, MS'}"
34751,3,{'SEG'},"{'Selinsgrove, PA'}"
30198,3,"{'PA6', 'PIT', 'AGC'}","{'Pittsburgh, PA'}"
30852,3,"{'BWI', 'MTN', 'IAD', 'DCA'}","{'Baltimore, MD', 'Washington, DC'}"
32233,3,{'HUM'},"{'Houma, LA'}"
33501,3,{'MTH'},"{'Marathon, FL'}"
32028,3,{'GVL'},"{'Gainesville, GA'}"
31732,3,{'FPR'},"{'Fort Pierce, FL'}"
33195,3,"{'PIE', 'LAL', 'TPA'}","{'Tampa, FL', 'Lakeland, FL', 'St. Petersburg, FL'}"
31686,3,{'FL1'},"{'Zephyrhills, FL'}"
36746,3,{'RNH'},"{'New Richmond, WI'}"
34685,3,"{'SAV', 'SVN'}","{'Savannah, GA'}"
34488,3,{'RDG'},"{'Reading, PA'}"
33469,3,{'MRK'},"{'Marco Island, FL'}"
33015,3,{'LLY'},"{'Mount Holly, NJ'}"
35847,3,{'WSG'},"{'Washington, PA'}"
30158,3,{'ACY'},"{'Atlantic City, NJ'}"
31126,3,{'CPX'},"{'Culebra, PR'}"
33743,3,{'JRV'},"{'Ceiba, PR'}"
35626,3,{'VQS'},"{'Vieques, PR'}"
32149,3,{'HKY'},"{'Hickory, NC'}"
36801,3,{'LNA'},"{'West Palm Beach, FL'}"
34470,3,{'RBN'},"{'Fort Jefferson, FL'}"
36708,3,{'O2H'},"{'Mount Vernon, OH'}"
33832,3,{'OGS'},"{'Ogdensburg, NY'}"
36783,3,{'A1L'},"{'Cullman, AL'}"
36795,3,{'CO6'},"{'Buena, CO'}"
30949,3,{'CEY'},"{'Murray, KY'}"
30731,3,"{'BQK', 'SSI'}","{'Brunswick, GA'}"
30945,3,{'CEU'},"{'Clemson, SC'}"
35497,3,{'UST'},"{'St. Augustine, FL'}"
34254,3,{'PSE'},"{'Ponce, PR'}"
34131,3,{'PKB'},"{'Parkersburg, WV'}"
34092,3,{'PGV'},"{'Greenville, NC'}"
31267,3,"{'FFO', 'DAY', 'MGY'}","{'Dayton, OH'}"
30868,3,"{'CAE', 'MMT'}","{'Columbia, SC'}"
30819,3,{'BWG'},"{'Bowling Green, KY'}"
30654,3,{'BKW'},"{'Beckley, WV'}"
30216,3,{'AHN'},"{'Athens, GA'}"
35628,3,{'VRB'},"{'Vero Beach, FL'}"
36642,3,{'T1X'},"{'Gainesville, TX'}"
33785,3,"{'YUM', 'NYL'}","{'Yuma, AZ'}"
35054,3,{'SVH'},"{'Statesville, NC'}"
33587,3,{'MZJ'},"{'Marana, AZ'}"
31834,3,"{'XNA', 'FYV'}","{'Fayetteville, AR'}"
34670,3,{'SAA'},"{'Saratoga, WY'}"
34704,3,{'SBY'},"{'Salisbury, MD'}"
32124,3,{'HHH'},"{'Hilton Head, SC'}"
36782,3,{'A2L'},"{'Fort Payne, AL'}"
30676,3,{'BLV'},"{'Belleville, IL'}"
31049,3,{'CLL'},"{'College Station/Bryan, TX'}"
30836,3,{'RKH'},"{'Rock Hill, SC'}"
31003,3,{'CID'},"{'Cedar Rapids/Iowa City, IA'}"
30494,3,{'BBC'},"{'Bay City, TX'}"
31057,3,{'CLT'},"{'Charlotte, NC'}"
34543,2,{'RKS'},"{'Rock Springs, WY'}"
36762,2,{'VHN'},"{'Van Horn, TX'}"
33151,2,{'LZU'},"{'Lawrenceville, GA'}"
31447,2,{'DVL'},"{'Devils Lake, ND'}"
34215,2,{'POY'},"{'Powell, WY'}"
34288,2,{'PUB'},"{'Pueblo, CO'}"
30728,2,{'BPT'},"{'Beaumont/Port Arthur, TX'}"
34534,2,{'RIW'},"{'Riverton/Lander, WY'}"
31315,2,{'DIK'},"{'Dickinson, ND'}"
34577,2,{'ROG'},"{'Rogers, AR'}"
31283,2,{'DDC'},"{'Dodge City, KS'}"
31197,2,{'CVN'},"{'Clovis, NM'}"
32012,2,{'GUC'},"{'Gunnison, CO'}"
31205,2,"{'CWF', 'LCH'}","{'Lake Charles, LA'}"
31122,2,{'CPR'},"{'Casper, WY'}"
31097,2,{'COD'},"{'Cody, WY'}"
31895,2,{'GTF'},"{'Great Falls, MT'}"
31092,2,{'CNY'},"{'Moab, UT'}"
34812,2,{'SHR'},"{'Sheridan, WY'}"
35380,2,{'TVC'},"{'Traverse City, MI'}"
35569,2,{'VCT'},"{'Victoria, TX'}"
30680,2,{'BMC'},"{'Brigham City, UT'}"
34120,2,{'PIR'},"{'Pierre, SD'}"
31468,2,{'EAR'},"{'Kearney, NE'}"
32389,2,{'ISN'},"{'Williston, ND'}"
32519,2,{'JMS'},"{'Jamestown, ND'}"
32255,2,{'HYS'},"{'Hays, KS'}"
32547,2,{'RST'},"{'Rochester, MN'}"
32899,2,{'LBF'},"{'North Platte, NE'}"
32902,2,{'LBL'},"{'Liberal, KS'}"
32207,2,{'HRO'},"{'Harrison, AR'}"
33200,2,{'MCK'},"{'McCook, NE'}"
31434,2,{'DUA'},"{'Durant, OK'}"
31531,2,{'ELD'},"{'El Dorado, AR'}"
31856,2,{'GBD'},"{'Great Bend, KS'}"
31563,2,{'ENV'},"{'Wendover, UT'}"
33304,2,{'MOT'},"{'Minot, ND'}"
31865,2,{'GCC'},"{'Gillette, WY'}"
32216,2,{'HST'},"{'Homestead, FL'}"
31335,2,{'DRT'},"{'Del Rio, TX'}"
31931,2,{'GLH'},"{'Greenville, MS'}"
32008,2,{'GTU'},"{'Georgetown, TX'}"
32190,2,{'HOT'},"{'Hot Springs, AR'}"
32891,2,{'LAW'},"{'Lawton/Fort Sill, OK'}"
31490,2,{'EDW'},"{'Edwards, CA'}"
33287,2,{'MHE'},"{'Mitchell, SD'}"
34430,2,{'QQT'},"{'Peachtree City, GA'}"
35582,2,{'VEL'},"{'Vernal, UT'}"
33543,2,{'MWA'},"{'Marion/Herrin, IL'}"
30744,2,{'BRL'},"{'Burlington, IA'}"
36766,2,{'WI5'},"{'Moroe, WI'}"
36793,2,{'MI7'},"{'South Haven, MI'}"
31198,2,{'CVO'},"{'Corvallis, OR'}"
34150,2,{'PLN'},"{'Pellston, MI'}"
31908,2,{'GGW'},"{'Glasgow, MT'}"
32576,2,{'JXN'},"{'Jackson, MI'}"
30268,2,{'ALO'},"{'Waterloo, IA'}"
30333,2,{'APN'},"{'Alpena, MI'}"
31725,2,{'FOD'},"{'Fort Dodge, IA'}"
31879,2,{'GDV'},"{'Glendive, MT'}"
31587,2,{'ESC'},"{'Escanaba, MI'}"
31013,2,{'CIU'},"{'Sault Ste. Marie, MI'}"
32335,2,{'IMT'},"{'Iron Mountain/Kingsfd, MI'}"
30967,2,{'CGI'},"{'Cape Girardeau, MO'}"
36544,2,{'LA2'},"{'Hammond, LA'}"
32245,2,{'HVR'},"{'Havre, MT'}"
31510,2,{'EGV'},"{'Eagle River, WI'}"
35454,2,{'UIN'},"{'Quincy, IL'}"
35440,2,{'UES'},"{'Waukesha, WI'}"
33862,2,{'OLF'},"{'Wolf Point, MT'}"
32412,2,{'IWD'},"{'Ironwood, MI'}"
34745,2,{'SDY'},"{'Sidney, MT'}"
35625,2,{'VPZ'},"{'Valparaiso, IN'}"
33182,2,{'MBL'},"{'Manistee/Ludington, MI'}"
33211,2,{'MCW'},"{'Mason City, IA'}"
33459,2,{'MQT'},"{'Marquette, MI'}"
33525,2,{'MUO'},"{'Mountain Home, ID'}"
34006,2,{'PAH'},"{'Paducah, KY'}"
34004,2,{'PAE'},"{'Everett, WA'}"
34744,2,{'SDX'},"{'Sedona, AZ'}"
30385,2,{'AST'},"{'Astoria/Seaside, OR'}"
35048,2,{'SUX'},"{'Sioux City, IA'}"
35570,2,{'VCV'},"{'Victorville, CA'}"
35289,2,{'TOA'},"{'Torrance, CA'}"
34520,2,{'RHI'},"{'Rhinelander, WI'}"
30474,2,{'BAB'},"{'Marysville, CA'}"
30136,2,"{'DYS', 'ABI'}","{'Abilene, TX'}"
35381,2,{'TVF'},"{'Thief River Falls, MN'}"
30511,2,{'BCE'},"{'Bryce Canyon, UT'}"
36750,2,{'T2N'},"{'Clevland, TN'}"
30925,2,{'CDR'},"{'Chadron, NE'}"
32228,2,{'HUF'},"{'Terre Haute, IN'}"
31778,2,{'FSM'},"{'Fort Smith, AR'}"
31711,2,{'FMN'},"{'Farmington, NM'}"
32247,2,{'HWD'},"{'Hayward, CA'}"
30400,2,{'ATO'},"{'Athens, OH'}"
30345,2,{'AR1'},"{'Russellville, AR'}"
32396,2,{'ISW'},"{'Wisconsin Rapids, WI'}"
30141,2,{'ABR'},"{'Aberdeen, SD'}"
30424,2,"{'CWA', 'AUW', 'STE'}","{'Stevens Point, WI', 'Wausau, WI', 'Mosinee, WI'}"
30631,2,{'BJI'},"{'Bemidji, MN'}"
30739,2,{'BRD'},"{'Brainerd, MN'}"
31076,2,{'CMX'},"{'Hancock/Houghton, MI'}"
33072,2,{'LRU'},"{'Las Cruces, NM'}"
31274,2,{'DBQ'},"{'Dubuque, IA'}"
31471,2,{'EAU'},"{'Eau Claire, WI'}"
33221,2,{'MDH'},"{'Carbondale, IL'}"
31980,2,{'GRI'},"{'Grand Island, NE'}"
32129,2,{'HIB'},"{'Hibbing, MN'}"
32343,2,{'INL'},"{'International Falls, MN'}"
32511,2,{'JLN'},"{'Joplin, MO'}"
33076,2,{'LSE'},"{'La Crosse, WI'}"
33184,2,{'MBS'},"{'Saginaw/Bay City/Midland, MI'}"
33344,2,{'MKG'},"{'Muskegon, MI'}"
34842,2,{'SJT'},"{'San Angelo, TX'}"
34695,2,{'SBM'},"{'Sheboygan, WI'}"
31337,2,{'DLH'},"{'Duluth, MN'}"
30857,2,{'C01'},"{'Camarillo, CA'}"
30849,2,{'BZN'},"{'Bozeman, MT'}"
34960,2,{'SPS'},"{'Wichita Falls, TX'}"
34967,2,{'SQL'},"{'San Carlos, CA'}"
30325,2,"{'DEN', 'APA', 'BFK'}","{'Denver, CO', 'Aurora, CO'}"
35148,2,{'TCC'},"{'Tucumcari, NM'}"
35177,2,{'TEX'},"{'Telluride, CO'}"
35232,2,{'TKF'},"{'Truckee, CA'}"
35383,2,{'TVL'},"{'Lake Tahoe, CA'}"
30194,2,"{'AFW', 'FTW', 'DAL', 'DFW', 'ADS', 'RBD', 'FWH'}","{'Dallas, TX', 'Dallas/Fort Worth, TX', 'Fort Worth, TX'}"
35393,2,{'TX1'},"{'Mesquite, TX'}"
35401,2,{'TXK'},"{'Texarkana, AR'}"
35877,2,{'WVI'},"{'Watsonville, CA'}"
36492,2,{'MN5'},"{'Red Wing, MN'}"
31650,2,"{'MN7', 'FCM', 'STP', 'MSP'}","{'Minneapolis/St. Paul, MN', 'Minneapolis, MN'}"
30561,2,{'BFL'},"{'Bakersfield, CA'}"
30620,2,{'BIL'},"{'Billings, MT'}"
33194,2,{'MCE'},"{'Merced, CA'}"
34236,2,"{'SBP', 'PRB'}","{'San Luis Obispo, CA', 'Paso Robles, CA'}"
34922,2,"{'SNS', 'MRY'}","{'Monterey, CA', 'Salinas/Monterey, CA'}"
34881,2,{'SLR'},"{'Sulphur Springs, TX'}"
34877,2,{'SLN'},"{'Salina, KS'}"
34457,2,"{'RCA', 'RAP'}","{'Rapid City, SD'}"
34237,2,{'PRC'},"{'Prescott, AZ'}"
34089,2,{'PGO'},"{'Pagosa Springs, CO'}"
30167,2,{'ADM'},"{'Ardmore, OK'}"
32575,2,"{'LAX', 'ONT', 'SNA', 'SMO', 'LGB', 'BUR', 'VNY', 'HHR'}","{'Los Angeles, CA', 'Santa Monica, CA', 'Ontario, CA', 'Burbank, CA', 'Van Nuys, CA', 'Santa Ana, CA', 'Long Beach, CA', 'Hawthorne, CA'}"
30189,2,{'COS'},"{'Colorado Springs, CO'}"
33988,2,{'OXR'},"{'Oxnard/Ventura, CA'}"
33964,2,{'OTH'},"{'North Bend/Coos Bay, OR'}"
33792,2,{'RDD'},"{'Redding, CA'}"
33388,2,{'MMH'},"{'Mammoth Lakes, CA'}"
30285,2,{'DRO'},"{'Durango, CO'}"
33771,2,{'NUQ'},"{'Mountain View, CA'}"
30327,2,{'APC'},"{'Napa, CA'}"
30378,2,{'ASL'},"{'Marshall, TX'}"
33502,2,{'MTJ'},"{'Montrose/Delta, CO'}"
33486,2,{'MSO'},"{'Missoula, MT'}"
34699,2,{'HDN'},"{'Hayden, CO'}"
33058,2,{'LQK'},"{'Pickens, SC'}"
30977,2,"{'LOT', 'GYY', 'DPA', 'PWK', 'MDW', 'ORD'}","{'Chicago/Romeoville, IL', 'Gary, IN', 'Chicago, IL'}"
31921,2,{'GJT'},"{'Grand Junction, CO'}"
31503,2,{'EGE'},"{'Eagle, CO'}"
31977,2,{'GRB'},"{'Green Bay, WI'}"
31775,2,{'FSD'},"{'Sioux Falls, SD'}"
31695,2,{'FLG'},"{'Flagstaff, AZ'}"
31648,2,{'FCA'},"{'Kalispell, MT'}"
31218,2,{'CXL'},"{'Calexico, CA'}"
30590,2,{'IFP'},"{'Bullhead City, AZ'}"
31637,2,{'FAR'},"{'Fargo, ND'}"
31898,2,{'GFK'},"{'Grand Forks, ND'}"
31233,2,{'CYS'},"{'Cheyenne, WY'}"
31726,2,{'FOE'},"{'Topeka, KS'}"
32018,2,{'GUP'},"{'Gallup, NM'}"
32320,2,{'ILG'},"{'Wilmington, DE'}"
33367,2,{'MLI'},"{'Moline, IL'}"
36133,2,{'YNG'},"{'Youngstown/Warren, OH'}"
30221,2,{'AIA'},"{'Alliance, NE'}"
30272,2,{'ALS'},"{'Alamosa, CO'}"
30409,2,{'ATY'},"{'Watertown, SD'}"
30558,2,{'BFF'},"{'Scottsbluff, NE'}"
30627,2,{'BIS'},"{'Bismarck/Mandan, ND'}"
30685,2,{'BMI'},"{'Bloomington/Normal, IL'}"
31098,2,{'COE'},"{""Coeur d'Alene, ID""}"
30157,2,"{'EKA', 'ACV'}","{'Arcata/Eureka, CA', 'Eureka, CA'}"
32280,2,{'IDA'},"{'Idaho Falls, ID'}"
32156,2,{'HLN'},"{'Helena, MT'}"
32441,2,{'JAC'},"{'Jackson, WY'}"
32062,2,{'HAF'},"{'Half Moon Bay, CA'}"
32598,2,{'JZT'},"{'Arlington, TX'}"
31085,2,{'CNM'},"{'Carlsbad, NM'}"
32375,2,{'IRK'},"{'Kirksville, MO'}"
31029,2,{'CKE'},"{'Clear Lake, CA'}"
32131,2,"{'HIF', 'OGD'}","{'Ogden, UT'}"
33038,1,{'LRD'},"{'Laredo, TX'}"
30647,1,"{'CGF', 'CAK', 'CLE', 'BKL'}","{'Akron, OH', 'Cleveland, OH'}"
30713,1,{'BOI'},"{'Boise, ID'}"
30792,1,{'BUF'},"{'Buffalo, NY'}"
30666,1,{'BLI'},"{'Bellingham, WA'}"
30257,1,{'ALB'},"{'Albany, NY'}"
30279,1,{'AMA'},"{'Amarillo, TX'}"
30994,1,{'CHS'},"{'Charleston, SC'}"
30419,1,{'AUO'},"{'Auburn, AL'}"
30599,1,{'BHM'},"{'Birmingham, AL'}"
30630,1,{'BJC'},"{'Broomfield, CO'}"
30615,1,"{'BIF', 'ELP'}","{'El Paso, TX'}"
30423,1,"{'T4X', 'AUS'}","{'Austin, TX'}"
31066,1,"{'OSU', 'LCK', 'CMH'}","{'Columbus, OH'}"
30436,1,"{'AVW', 'DMA', 'TUS'}","{'Tucson, AZ'}"
36698,1,{'N2C'},"{'Monroe, NC'}"
30529,1,"{'BDL', 'HFD'}","{'Hartford, CT'}"
31140,1,{'CRP'},"{'Corpus Christi, TX'}"
31136,1,"{'VQQ', 'CRG', 'NIP', 'JAX'}","{'Jacksonville, FL'}"
31123,1,"{'CPS', 'SUS', 'ALN', 'STL'}","{'Alton, IL', 'St. Louis, MO'}"
30928,1,"{'IAB', 'ICT'}","{'Wichita, KS'}"
32021,1,{'GUS'},"{'Peru, IN'}"
36791,1,{'LA4'},"{'New Roads, LA'}"
30140,1,{'ABQ'},"{'Albuquerque, NM'}"
32934,1,{'LEE'},"{'Leesburg, FL'}"
30224,1,{'AIK'},"{'Aiken, SC'}"
36739,1,{'FME'},"{'Fort Meade, MD'}"
34691,1,{'SBD'},"{'San Bernardino, CA'}"
35271,1,{'TN2'},"{'Sparta, TN'}"
34905,1,{'SMX'},"{'Santa Maria, CA'}"
30918,1,{'CDC'},"{'Cedar City, UT'}"
31525,1,{'EKO'},"{'Elko, NV'}"
34943,1,{'SOW'},"{'Show Low, AZ'}"
33307,1,{'MIE'},"{'Muncie/Anderson/Newcastle, IN'}"
30275,1,{'ALW'},"{'Walla Walla, WA'}"
30844,1,{'BYW'},"{'Blakely Island, WA'}"
31050,1,{'CLM'},"{'Port Angeles, WA'}"
31470,1,{'EAT'},"{'Wenatchee, WA'}"
31588,1,{'ESD'},"{'Eastsound, WA'}"
32177,1,{'HOB'},"{'Hobbs, NM'}"
31811,1,{'FVO'},"{'Aurora, OR'}"
32200,1,{'HQM'},"{'Hoquiam, WA'}"
33055,1,{'LPS'},"{'Lopez Island, WA'}"
33865,1,{'OLM'},"{'Olympia, WA'}"
34295,1,{'PUL'},"{'Poulsbo, WA'}"
35138,1,{'TBN'},"{'Fort Leonard Wood, MO'}"
33464,1,{'MRC'},"{'Columbia, TN'}"
34810,1,{'SHN'},"{'Shelton, WA'}"
34972,1,{'SQV'},"{'Sequim, WA'}"
35707,1,{'WA6'},"{'Stehekin, WA'}"
36587,1,{'DHB'},"{'Deer Harbor, WA'}"
34897,1,{'SMN'},"{'Salmon, ID'}"
35051,1,{'SVC'},"{'Silver City/Hurley, NM'}"
35074,1,{'SWO'},"{'Stillwater, OK'}"
34570,1,{'RNO'},"{'Reno, NV'}"
34588,1,{'ROW'},"{'Roswell, NM'}"
31870,1,{'GCY'},"{'Greeneville, TN'}"
34057,1,{'PDX'},"{'Portland, OR'}"
34614,1,{'SLC'},"{'Salt Lake City, UT'}"
31421,1,{'DSI'},"{'Destin, FL'}"
31041,1,{'CLD'},"{'Carlsbad, CA'}"
32457,1,"{'SFO', 'OAK', 'CCR', 'SJC'}","{'San Jose, CA', 'Concord, CA', 'San Francisco, CA', 'Oakland, CA'}"
32211,1,"{'LAS', 'LSV', 'HSH'}","{'Las Vegas, NV'}"
34871,1,{'SLE'},"{'Salem, OR'}"
32455,1,{'JBR'},"{'Jonesboro, AR'}"
36764,1,{'TRL'},"{'Terrell, TX'}"
31423,1,{'DSM'},"{'Des Moines, IA'}"
30838,1,{'BYH'},"{'Blytheville, AR'}"
34716,1,{'SCK'},"{'Stockton, CA'}"
31453,1,"{'HOU', 'DWH', 'JDX', 'IAH', 'EFD'}","{'Houston, TX'}"
30466,1,"{'GYR', 'SCF', 'AZA', 'AZ3', 'PHX', 'DVT'}","{'Phoenix, AZ', 'Goodyear, AZ', 'Glendale, AZ'}"
33176,1,{'MAZ'},"{'Mayaguez, PR'}"
35897,1,{'WYS'},"{'West Yellowstone, MT'}"
36704,1,{'NV5'},"{'Gerlach, NV'}"
34656,1,{'RWI'},"{'Rocky Mount, NC'}"
34054,1,{'PDT'},"{'Pendleton, OR'}"
33546,1,{'MWH'},"{'Moses Lake, WA'}"
34965,1,{'SQA'},"{'Santa Ynez, CA'}"
31867,1,{'GCK'},"{'Garden City, KS'}"
35601,1,{'VIS'},"{'Visalia, CA'}"
31627,1,{'F70'},"{'Murrieta/Temecula, CA'}"
30930,1,{'CEC'},"{'Crescent City, CA'}"
30172,1,{'ADW'},"{'Camp Springs, MD'}"
31295,1,"{'DET', 'YIP', 'DTW'}","{'Detroit, MI'}"
34618,1,{'RQZ'},"{'Mary Esther, FL'}"
31454,1,"{'ORL', 'ISM', 'MCO'}","{'Orlando, FL'}"
34314,1,{'PVU'},"{'Provo, UT'}"
34524,1,"{'VA5', 'RIC', 'VA8'}","{'Richmond, VA'}"
34492,1,{'RDU'},"{'Raleigh/Durham, NC'}"
31719,1,{'FNL'},"{'Fort Collins/Loveland, CO'}"
31481,1,"{'PAM', 'ECP'}","{'Panama City, FL'}"
34433,1,{'STS'},"{'Santa Rosa, CA'}"
34321,1,{'PWM'},"{'Portland, ME'}"
34303,1,{'PUW'},"{'Pullman, WA'}"
34653,1,{'TUL'},"{'Tulsa, OK'}"
34275,1,{'PTK'},"{'Pontiac, MI'}"
33127,1,{'LWS'},"{'Lewiston, ID'}"
34262,1,"{'PSP', 'TRM', 'UDD'}","{'Palm Springs, CA', 'Thermal, CA', 'Bermuda Dunes, CA'}"
34252,1,{'PSC'},"{'Pasco/Kennewick/Richland, WA'}"
34512,1,{'RFD'},"{'Rockford, IL'}"
36101,1,{'YKM'},"{'Yakima, WA'}"
34576,1,{'ROC'},"{'Rochester, NY'}"
34674,1,{'SAF'},"{'Santa Fe, NM'}"
33851,1,"{'OKC', 'TIK', 'PWA'}","{'Oklahoma City, OK'}"
31669,1,{'FFT'},"{'Frankfort, KY'}"
30476,1,"{'BAD', 'SHV'}","{'Shreveport, LA'}"
31721,1,{'FNT'},"{'Flint, MI'}"
35090,1,{'SYA'},"{'Shemya, AK'}"
33968,1,{'OTS'},"{'Anacortes, WA'}"
33671,1,{'NHK'},"{'Patuxent River, MD'}"
33024,1,{'LMT'},"{'Klamath Falls, OR'}"
30559,1,"{'SEA', 'LKE', 'BFI', 'KEH'}","{'Kenmore, WA', 'Seattle, WA'}"
34689,1,{'SBA'},"{'Santa Barbara, CA'}"
33540,1,{'MVW'},"{'Burlington/Mount Vernon, WA'}"
30543,1,{'BEH'},"{'Benton Harbor/St. Joseph, MI'}"
35389,1,{'TWF'},"{'Twin Falls, ID'}"
35041,1,{'SUN'},"{'Sun Valley/Hailey/Ketchum, ID'}"
34819,1,"{'SIG', 'SJU'}","{'San Juan, PR'}"
30155,1,{'ACT'},"{'Waco, TX'}"
34027,1,{'PBI'},"{'West Palm Beach/Palm Beach, FL'}"
34489,1,{'RDM'},"{'Bend/Redmond, OR'}"
30732,1,{'BQN'},"{'Aguadilla, PR'}"
31871,1,"{'GSP', 'GDC'}","{'Greer, SC', 'Greenville, SC'}"
32337,1,"{'IND', 'MQJ', 'IN2'}","{'Indianapolis, IN'}"
31714,1,"{'RSW', 'FMY'}","{'Fort Myers, FL'}"
32888,1,{'LAR'},"{'Laramie, WY'}"
32206,1,{'HRL'},"{'Harlingen/San Benito, TX'}"
30747,1,{'BRO'},"{'Brownsville, TX'}"
32896,1,{'LBB'},"{'Lubbock, TX'}"
33158,1,{'MAF'},"{'Midland/Odessa, TX'}"
31027,1,{'CKB'},"{'Clarksburg/Fairmont, WV'}"
33342,1,{'MKE'},"{'Milwaukee, WI'}"
31884,1,{'GEG'},"{'Spokane, WA'}"
32965,1,{'LGU'},"{'Logan, UT'}"
33044,1,{'SDF'},"{'Louisville, KY'}"
34113,1,{'PIH'},"{'Pocatello, ID'}"
33105,1,"{'CVG', 'LUK'}","{'Cincinnati, OH'}"
32600,1,{'LIT'},"{'Little Rock, AR'}"
32363,1,"{'IPL', 'NJK'}","{'El Centro, CA'}"
31603,1,{'EUG'},"{'Eugene, OR'}"
31986,1,{'GRR'},"{'Grand Rapids, MI'}"
33728,1,{'PNS'},"{'Pensacola, FL'}"
33667,1,"{'ORF', 'LFI', 'PHF', 'NGU', 'VA9'}","{'Newport News/Williamsburg, VA', 'Norfolk, VA', 'Newport News/Hampton, VA'}"
33570,1,"{'NKX', 'MYF', 'SAN', 'NZY', 'SDM', 'SEE'}","{'San Diego, CA'}"
33244,1,"{'MEM', 'NQA'}","{'Memphis, TN', 'Millington, TN'}"
33264,1,{'MFR'},"{'Medford, OR'}"
33316,1,"{'OFF', 'OMA'}","{'Omaha, NE'}"
31638,1,{'FAT'},"{'Fresno, CA'}"
33214,1,"{'SAT', 'SKF'}","{'San Antonio, TX'}"
33198,1,"{'MCI', 'MKC'}","{'Kansas City, MO'}"
33192,1,"{'SMF', 'MCC', 'MHR', 'SAC'}","{'Sacramento, CA'}"
33495,1,"{'MSY', 'NEW'}","{'New Orleans, LA'}"
33290,1,{'MHK'},"{'Manhattan/Ft. Riley, KS'}"
31007,0,{'CIK'},"{'Chalkyitsik, AK'}"
30009,0,"{'HOM', '09A'}","{'Homer, AK'}"
30938,0,{'CEM'},"{'Central, AK'}"
32866,0,{'KYK'},"{'Karluk, AK'}"
32854,0,{'KWP'},"{'West Point, AK'}"
31036,0,{'CKX'},"{'Chicken, AK'}"
31280,0,{'DCK'},"{'Dahl Creek, AK'}"
31327,0,{'DJN'},"{'Delta Junction, AK'}"
31550,0,{'EMK'},"{'Emmonak, AK'}"
32785,0,{'KPY'},"{'Port Bailey, AK'}"
31559,0,{'ENN'},"{'Nenana, AK'}"
32782,0,{'KPR'},"{'Port Williams, AK'}"
31844,0,{'GAL'},"{'Galena, AK'}"
32771,0,{'KOY'},"{'Olga Bay, AK'}"
32743,0,{'KMY'},"{'Moser Bay, AK'}"
32721,0,{'KLN'},"{'Larsen Bay, AK'}"
30640,0,{'BKC'},"{'Buckland, AK'}"
30225,0,{'AIN'},"{'Wainwright, AK'}"
32869,0,{'KZB'},"{'Zachar Bay, AK'}"
30396,0,{'ATK'},"{'Atqasuk, AK'}"
30245,0,{'AKN'},"{'King Salmon, AK'}"
35836,0,{'WQX'},"{'Kiavak, AK'}"
31214,0,{'CXF'},"{'Coldfoot, AK'}"
35446,0,{'UGI'},"{'Uganik, AK'}"
35091,0,{'SYB'},"{'Seal Bay, AK'}"
31517,0,"{'FBK', 'MTX', 'FAI', 'EIL', 'A01'}","{'Fairbanks, AK', 'Fairbanks/Ft. Wainwright, AK'}"
35731,0,{'WCR'},"{'Chandalar, AK'}"
30775,0,{'BTI'},"{'Barter Island, AK'}"
34631,0,{'RSP'},"{'Raspberry Strait, AK'}"
31833,0,{'FYU'},"{'Fort Yukon, AK'}"
33888,0,{'ONN'},"{'Onion Bay, AK'}"
32370,0,{'IRC'},"{'Circle, AK'}"
35581,0,{'VEE'},"{'Venetie, AK'}"
35725,0,{'WBQ'},"{'Beaver, AK'}"
30073,0,{'SCC'},"{'Deadhorse, AK'}"
30107,0,{'BRW'},"{'Barrow, AK'}"
30184,0,{'AET'},"{'Allakaket, AK'}"
30247,0,{'AKP'},"{'Anaktuvuk Pass, AK'}"
30299,0,"{'ANC', 'MRI', 'EDF', 'DQL'}","{'Anchorage, AK'}"
30783,0,{'BTT'},"{'Bettles, AK'}"
31463,0,{'EAA'},"{'Eagle, AK'}"
34218,0,{'PPC'},"{'Prospect Creek, AK'}"
30039,0,{'A26'},"{'Ivotuk, AK'}"
30040,0,{'A27'},"{'Pogo Mines, AK'}"
30076,0,{'A63'},"{'Yukon Charley Rivvers, AK'}"
30139,0,{'ABL'},"{'Ambler, AK'}"
32705,0,{'KKB'},"{'Kitoi Bay, AK'}"
31825,0,{'FWL'},"{'Farewell, AK'}"
30313,0,{'ANV'},"{'Anvik, AK'}"
32712,0,{'KKL'},"{'Karluk Lake, AK'}"
30016,0,{'A03'},"{'Hallo Bay, AK'}"
32509,0,{'JLA'},"{'Cooper Lodge, AK'}"
31513,0,{'EHR'},"{'Eagle Harbor, AK'}"
33806,0,{'OBU'},"{'Kobuk, AK'}"
33768,0,{'NUL'},"{'Nulato, AK'}"
33767,0,{'NUI'},"{'Nuiqsut, AK'}"
33676,0,{'NIB'},"{'Nikolai, AK'}"
33434,0,{'MOU'},"{'Mountain Village, AK'}"
33415,0,{'MNT'},"{'Minto, AK'}"
33381,0,{'MLY'},"{'Manley Hot Springs, AK'}"
33369,0,{'MLL'},"{'Marshall, AK'}"
33196,0,{'MCG'},"{'McGrath, AK'}"
33016,0,{'MHM'},"{'Minchumina, AK'}"
32993,0,{'LIV'},"{'Livengood, AK'}"
32868,0,{'KYU'},"{'Koyukuk, AK'}"
32704,0,{'KKA'},"{'Koyuk, AK'}"
32676,0,{'KGX'},"{'Grayling, AK'}"
32621,0,{'KBC'},"{'Birch Creek, AK'}"
32615,0,{'KAL'},"{'Kaltag, AK'}"
35849,0,{'WWA'},"{'Wasilla, AK'}"
32235,0,{'HUS'},"{'Hughes, AK'}"
33574,0,{'MYK'},"{'May Creek, AK'}"
31245,0,{'CZN'},"{'Chisana, AK'}"
32214,0,{'HSL'},"{'Huslia, AK'}"
32141,0,{'HKB'},"{'Healy, AK'}"
32122,0,{'HGZ'},"{'Hogatza, AK'}"
32087,0,{'HCR'},"{'Holy Cross, AK'}"
30344,0,{'AQY'},"{'Girdwood, AK'}"
31924,0,{'GKN'},"{'Gulkana, AK'}"
31859,0,{'GBH'},"{'Galbraith Lake, AK'}"
33970,0,{'OTZ'},"{'Kotzebue, AK'}"
34474,0,{'RBY'},"{'Ruby, AK'}"
34551,0,{'RLU'},"{'Bornite/Ruby Creek, AK'}"
36339,0,{'ZXF'},"{'Illinois Creek, AK'}"
31299,0,{'DGB'},"{'Danger Bay, AK'}"
30556,0,{'BFB'},"{'Blue Fox Bay, AK'}"
30278,0,{'ALZ'},"{'Lazy Bay, AK'}"
30100,0,{'A87'},"{'Carry Inlet, AK'}"
30078,0,{'A65'},"{'Karluk Portage, AK'}"
30063,0,{'A50'},"{'Big Bay, AK'}"
30047,0,{'A34'},"{'Laura Lake, AK'}"
30042,0,{'A29'},"{'Kiluda Bay, AK'}"
30017,0,{'A04'},"{'Red Lake, AK'}"
30056,0,{'A43'},"{'Kodiak Island, AK'}"
30006,0,{'06A'},"{'Kizhuyak, AK'}"
36699,0,{'A6K'},"{'Fairbanks1, AK'}"
35671,0,{'VWZ'},"{'Granite Creek Mine, AK'}"
34559,0,"{'RMP', 'AK7'}","{'Rampart, AK'}"
35599,0,{'VIK'},"{'Kavik River, AK'}"
35579,0,{'VDZ'},"{'Valdez, AK'}"
35565,0,{'VCB'},"{'View Cove, AK'}"
35504,0,{'UTO'},"{'Utopia, AK'}"
35472,0,{'UMT'},"{'Umiat, AK'}"
35236,0,{'TKJ'},"{'Tok, AK'}"
35228,0,{'TKA'},"{'Talkeetna, AK'}"
35160,0,{'TCT'},"{'Takotna, AK'}"
35124,0,{'TAL'},"{'Tanana, AK'}"
35061,0,{'SVS'},"{'Stevens Village, AK'}"
35012,0,{'STG'},"{'St. George Island, AK'}"
34816,0,{'SHX'},"{'Shageluk, AK'}"
33564,0,{'MXY'},"{'McCarthy, AK'}"
32853,0,{'KWN'},"{'Quinhagak, AK'}"
30065,0,{'A52'},"{'Silver Salmon Creek, AK'}"
35554,0,{'VAK'},"{'Chevak, AK'}"
35049,0,{'SVA'},"{'Savoonga, AK'}"
35245,0,{'TLA'},"{'Teller, AK'}"
35278,0,{'TNC'},"{'Tin City, AK'}"
35709,0,{'WAA'},"{'Wales, AK'}"
35721,0,{'WBB'},"{'Stebbins, AK'}"
35794,0,{'WMO'},"{'White Mountain, AK'}"
30020,0,{'WLK'},"{'Selawik, AK'}"
34856,0,{'SKK'},"{'Shaktoolik, AK'}"
31464,0,{'WTK'},"{'Noatak, AK'}"
30923,0,{'CDL'},"{'Candle, AK'}"
33111,0,{'LUR'},"{'Cape Lisburne, AK'}"
34125,0,{'PIZ'},"{'Point Lay, AK'}"
30405,0,{'ATT'},"{'Atmautluak, AK'}"
32195,0,{'HPB'},"{'Hooper Bay, AK'}"
34895,0,{'SMK'},"{'St. Michael, AK'}"
34804,0,{'SHG'},"{'Shungnak, AK'}"
33710,0,{'NME'},"{'Nightmute, AK'}"
31845,0,{'GAM'},"{'Gambell, AK'}"
36390,0,{'BVU'},"{'Beluga, AK'}"
31410,0,{'DRF'},"{'Drift River, AK'}"
34627,0,{'RSH'},"{'Russian Mission, AK'}"
35086,0,{'SXQ'},"{'Soldotna, AK'}"
31411,0,{'DRG'},"{'Deering, AK'}"
31535,0,{'ELI'},"{'Elim, AK'}"
31941,0,{'GLV'},"{'Golovin, AK'}"
34718,0,{'SCM'},"{'Scammon Bay, AK'}"
32268,0,{'IAN'},"{'Kiana, AK'}"
32822,0,{'KTS'},"{'Brevig Mission, AK'}"
32844,0,{'KVL'},"{'Kivalina, AK'}"
33841,0,{'OHC'},"{'Northeast Cape, AK'}"
33942,0,{'ORV'},"{'Noorvik, AK'}"
34013,0,{'PAQ'},"{'Palmer, AK'}"
32831,0,{'KUK'},"{'Kasigluk, AK'}"
33894,0,{'OOK'},"{'Toksook, AK'}"
35862,0,{'WTL'},"{'Tuntutuliak, AK'}"
34987,0,{'SRV'},"{'Stony River, AK'}"
32709,0,{'KKI'},"{'Akiachak, AK'}"
32851,0,{'KWK'},"{'Kwigillingok, AK'}"
33579,0,{'MYU'},"{'Mekoryuk, AK'}"
33770,0,{'NUP'},"{'Nunapitchuk, AK'}"
34130,0,{'PKA'},"{'Napaskiak, AK'}"
34880,0,{'SLQ'},"{'Sleetmute, AK'}"
35257,0,{'TLT'},"{'Tuluksak, AK'}"
31241,0,{'CZF'},"{'Cape Romanzof, AK'}"
35282,0,{'TNK'},"{'Tununak, AK'}"
35798,0,{'WNA'},"{'Napakiak, AK'}"
36311,0,{'ZNC'},"{'Nyac, AK'}"
35676,0,{'VZA'},"{'Marvel Creek Mine, AK'}"
36567,0,{'AK6'},"{'Gold King 2, AK'}"
30349,0,{'ARC'},"{'Arctic Village, AK'}"
31492,0,{'EEK'},"{'Eek, AK'}"
31028,0,{'CKD'},"{'Crooked Creek, AK'}"
34234,0,{'PQS'},"{'Pilot Station, AK'}"
34316,0,{'PVY'},"{'Pope Vanoy, AK'}"
35085,0,{'SXP'},"{'Sheldon Point, AK'}"
35887,0,{'WWT'},"{'Newtok, AK'}"
30043,0,{'A30'},"{'Terror Lake, AK'}"
32716,0,{'KKU'},"{'Ekuk, AK'}"
32737,0,{'KMO'},"{'Manokotak, AK'}"
32855,0,{'KWT'},"{'Kwethluk, AK'}"
35385,0,{'TWA'},"{'Twin Hills, AK'}"
30996,0,{'CHU'},"{'Chuathbaluk, AK'}"
36651,0,{'A1K'},"{'Deadhorse1, AK'}"
32315,0,{'IKO'},"{'Nikolski, AK'}"
32786,0,{'KQA'},"{'Akutan, AK'}"
36553,0,{'7AK'},"{'Akun, AK'}"
30050,0,{'A37'},"{'Kako, AK'}"
30241,0,{'AKI'},"{'Akiak, AK'}"
35934,0,{'XWA'},"{'Granite Point, AK'}"
35700,0,{'VZY'},"{'Katmai Lodge, AK'}"
30070,0,"{'ADQ', 'KDK'}","{'Kodiak, AK'}"
32294,0,{'IGG'},"{'Igiugig, AK'}"
30082,0,{'CDB'},"{'Cold Bay, AK'}"
30113,0,{'BET'},"{'Bethel, AK'}"
30304,0,{'ANI'},"{'Aniak, AK'}"
31053,0,{'CLP'},"{'Clarks Point, AK'}"
31227,0,{'CYF'},"{'Chefornak, AK'}"
31445,0,{'DUT'},"{'Unalaska, AK'}"
32631,0,"{'WQZ', 'KCL', 'KCG', 'KCQ'}","{'Chignik Lagoon, AK', 'Chignik Bay, AK', 'Chignik, AK', 'Chignik Lake, AK'}"
33934,0,{'ORI'},"{'Port Lions, AK'}"
32671,0,{'KGK'},"{'Koliganek, AK'}"
32708,0,{'KKH'},"{'Kongiganak, AK'}"
32720,0,{'KLL'},"{'Levelock, AK'}"
32748,0,{'KNK'},"{'Kokhanok, AK'}"
32755,0,{'KNW'},"{'New Stuyahok, AK'}"
32779,0,{'KPN'},"{'Kipnuk, AK'}"
34855,0,{'SKJ'},"{'Sitkinak, AK'}"
33863,0,{'OLH'},"{'Old Harbor, AK'}"
33003,0,{'LKK'},"{'Kulik Lake, AK'}"
34942,0,{'SOV'},"{'Seldovia, AK'}"
30085,0,{'A72'},"{'Chinitna Bay, AK'}"
31555,0,{'ENA'},"{'Kenai, AK'}"
32321,0,{'ILI'},"{'Iliamna, AK'}"
32649,0,{'KEB'},"{'Nanwalek, AK'}"
33873,0,{'OME'},"{'Nome, AK'}"
34088,0,{'PGM'},"{'Port Graham, AK'}"
35069,0,{'SWD'},"{'Seward, AK'}"
33714,0,{'NNK'},"{'Naknek, AK'}"
35478,0,{'UNK'},"{'Unalakleet, AK'}"
30084,0,{'WDB'},"{'Wide Bay, AK'}"
30243,0,{'AKK'},"{'Akhiok, AK'}"
31336,0,{'DLG'},"{'Dillingham, AK'}"
31511,0,{'EGX'},"{'Egegik, AK'}"
32772,0,{'KOZ'},"{'Ouzinkie, AK'}"
32784,0,{'KPV'},"{'Perryville, AK'}"
33715,0,{'NNL'},"{'Nondalton, AK'}"
35406,0,{'TYE'},"{'Tyonek, AK'}"
34268,0,{'PTA'},"{'Port Alsworth, AK'}"
32719,0,{'KLG'},"{'Kalskag, AK'}"
32769,0,{'KOT'},"{'Kotlik, AK'}"
32807,0,{'KSM'},"{""St. Mary's, AK""}"
32841,0,{'KVC'},"{'King Cove, AK'}"
33704,0,{'NLG'},"{'Nelson Lagoon, AK'}"
34102,0,{'PHO'},"{'Point Hope, AK'}"
34485,0,{'RDB'},"{'Red Dog, AK'}"
32653,0,{'KEK'},"{'Ekwok, AK'}"
34493,0,{'RDV'},"{'Red Devil, AK'}"
34805,0,{'SHH'},"{'Shishmaref, AK'}"
34863,0,{'SKW'},"{'Skwentna, AK'}"
34919,0,{'SNP'},"{'St. Paul, AK'}"
35171,0,{'TEK'},"{'Tatitlek, AK'}"
35250,0,{'TLJ'},"{'Tatalina, AK'}"
32663,0,{'KFP'},"{'False Pass, AK'}"
31952,0,{'GNU'},"{'Goodnews Bay, AK'}"
34046,0,{'PDB'},"{'Pedro Bay, AK'}"
35293,0,{'TOG'},"{'Togiak, AK'}"
34119,0,{'PIP'},"{'Pilot Point, AK'}"
34167,0,{'PML'},"{'Port Moller, AK'}"
34273,0,{'PTH'},"{'Port Heiden, AK'}"
34464,0,{'UGS'},"{'Ugashik, AK'}"
34468,0,{'RBH'},"{'Brooks Lodge, AK'}"
34738,0,{'SDP'},"{'Sandpoint, AK'}"
35853,0,{'WSN'},"{'South Naknek, AK'}"
31813,0,{'FVQ'},"{'Donlin Creek Mine, AK'}"
30114,0,{'JZE'},"{'Trading Bay, AK'}"
30165,0,{'ADK'},"{'Adak Island, AK'}"
30237,0,{'AKB'},"{'Atka, AK'}"
30416,0,{'AUK'},"{'Alakanuk, AK'}"
31406,0,{'PTU'},"{'Platinum, AK'}"
31512,0,{'EHM'},"{'Cape Newenham, AK'}"
30005,0,{'05A'},"{'Little Squaw, AK'}"
