node,label
Guo Tao,0
Nyungsang Bungo,1
Inge Beckmann,2
Jim Beaver,3
Katherine Parkinson,4
Yolonda Ross,5
Nutan,6
Sikander Kher,6
Yoji Ueda,7
Miriam Chin Wah Yeung,0
Jed Ress,8
Suresh Oberoi,6
Tanuja,6
Zhao Wei,0
Carrie-Anne Moss,3
William Devane,3
Yuen Wah,0
Gérard Ismaël,9
Johnny Lever,6
Vince Vaughn,10
Aria Pandya,11
Will Patton,10
John Lloyd Young,3
Randy Savage,8
Samuel Olasehinde,12
Penelope Ann Miller,3
Hiroyuki Ikeuchi,0
Ahmed Gamal Saeed,13
Dan Fogelman,8
Nigel Hawthorne,8
Mackenzie Foy,11
Gloria Diaz,14
Sophie Okonedo,15
Shirley MacLaine,9
Ricardo Montalban,16
Angeline Quinto,14
Carrie Ng,0
Rikiya Koyama,7
Lily Cole,10
Sonny Chiba,16
Matt Damon,17
Leleti Khumalo,3
Sobhita Dhulipala,6
Paul Francis,10
Anna Faris,9
Divya Rana,6
Kim Hawthorne,3
Wale Akorede,12
Devin Ratray,11
Nick Stahl,16
Priyanshu Chatterjee,6
Frank Adonis,17
Ann-Margret,10
Christian Bale,11
Ademola Adedoyin,12
Jun Fukuyama,7
Neil Bhoopalam,6
Aml Ameen,5
Nicholas Tse,0
Nathan Jones,2
Adarsh,6
Lorna Scott,18
Elli Avram,6
Casey Wilson,5
Masaaki Tsukada,7
Ashton Kutcher,8
Elliott Gould,19
Shraddha Kapoor,6
Bill Nunn,4
Ines Somellera,1
Louis Fan,0
Anna Paquin,17
Kaitlyn Maher,8
James Horan,20
Seann William Scott,9
Amber Valletta,9
Kristin Scott Thomas,4
Georgia Engel,8
Mitsuaki Madono,7
Murray Moston,17
Lyle Lovett,10
Himani Shivpuri,6
Shashi Kala,6
Ameesha Patel,6
James McAvoy,4
Yael Eitan,2
Anne Heche,4
Isla Fisher,5
Nikhil Chopra,21
Akhilendra Mishra,6
Ruffa Gutierrez,14
Fred Armisen,5
Waheeda Rehman,6
Jake Hoffman,18
Tutie Kirana,1
Scott Cavalheiro,22
Elijah Kelley,18
Clara Kushnir,22
David Murray,8
David Horton,4
Jay Hayden,9
Katy Louise Saunders,2
Patton Oswalt,16
Randeep Hooda,6
Michael Vartan,5
Robbie Coltrane,4
Ladya Cheryll,1
Wenty Mamenda,23
Ajay Devgn,6
Shruti Viswan,21
Joel McHale,16
Jane Morris,16
Immaduddin Shah,21
Susan Wood,17
Toni Gonzaga,14
Paul Briggs,24
Danying Feng,0
Elijah Wood,16
Shandy Aulia,23
Calvin Ka-Sing Cheng,0
Charles Malik Whitfield,25
Ryan Gosling,3
Steve Zahn,9
Brij Gopal,6
Epy Kusnandar,23
Azwir Fitrianto,1
Finley Jacobsen,10
Eamonn Walker,10
Britta Phillips,19
Bobby Cannavale,9
Manjot Singh,6
David Benger,19
Indraneil Sengupta,6
Satish Shah,6
Dree Hemingway,19
Nattapong Chartpong,26
Jeff Daniels,19
Vijay Maurya,6
Skei Saulnier,11
Ka Ho Yu,0
Stan Lee,10
Raza Murad,6
Tom Everett Scott,8
Jacob Davich,16
Ahron Villena,14
Diane Ladd,17
Yashpal Sharma,6
Michael Bowen,16
David Cowgill,24
Kelly Marie Tran,19
Adam Sandler,19
James Lipton,8
Kevork Malikyan,17
Rob Machado,8
Lawrence Gilliard Jr.,18
Samuel Pang,0
Cassandra Morris,20
Peter Baynham,4
Samuel L. Jackson,16
Dennis Adhiswara,1
Harley Morenstein,10
Jim Carrey,10
Alexandra Carter,20
Evan Smith,20
Emma Clifford,4
Timmy Hung,0
Liam Neeson,17
Saori Hayami,7
Mike Tyson,0
A.K. Hangal,6
Julie Dreyfus,16
Will Forte,5
Lyndon Smith,5
Michael Moriarty,3
Emma Stone,9
Bill Tangradi,11
Anuj Choudhry,6
Melanie Paxson,15
Clark Middleton,16
Mike Hanford,5
Brendan Gleeson,17
Peter Strauss,3
Jackie Sandler,18
Helena Bonham Carter,11
Monica Potter,3
Satoru Kawaguchi,6
Bayyumi Fuad,13
Eric André,5
Scott Caan,16
Ross Fleming,25
Marco Gumabao,14
Mekhi Phifer,5
Hilda Dokubo,12
Lelia Goldoni,17
Jane Horrocks,4
Gloria Foster,3
Retta,9
Allison Janney,18
Sasha Alexander,10
Kai Lennox,11
Terry Crews,18
Derek Waters,20
Bipasha Basu,6
Willem Dafoe,3
Matthew Macfadyen,11
Jason Sudeikis,9
Peter Dante,18
Jack Gore,11
Frederick Koehler,2
Ronan Vibert,15
Mark Harmon,10
Tapsee Pannu,6
Nitish Pandey,6
Subholina Sen,21
Andre Braugher,3
Tom Savini,10
Michole Briana White,5
Amole Gupte,6
Nafisa Ali,6
Allen Ginsberg,17
Morgan Fairchild,22
Melvin Gregg,16
Remo Greene,5
Zhou Xun,3
Shruti,6
Ruhi Singh,6
Jodie Foster,17
Cem Özeren,27
Shengyi Huang,24
Christian Sugiono,23
Richard E. Grant,11
Geoffrey Jones,8
Ernest Ndhlovu,2
Edward Norton,3
Saif Ali Khan,6
Pierce Brosnan,3
Giovanni Ribisi,4
Dilip Joshi,6
Brittany Murphy,16
Igor Jijikine,17
Titikarn Tongprasearth,26
Matty Finochio,8
Ritchie Montgomery,24
Chika Chukwu,12
Rainer Bock,17
Scott Spiegel,4
Deb Mukherjee,6
Dominiquie Vandenberg,2
Maya Erskine,5
Paul F. Tompkins,16
Quvenzhané Wallis,8
Michelle Arthur,15
Junko Takeuchi,7
Lin Laishram,6
Cathy Weseluck,20
Darwin Shaw,4
Daisy Ridley,19
Michael Byrne,17
Bronagh Gallagher,4
Kari Wahlgren,8
Jennifer Cody,24
Gedeon Burkhard,16
Metin Keçeci,27
Colin David Reese,12
Cameron Diaz,17
Katherine Helmond,10
Leslie Mann,16
Aydan Taş,27
Devon Sawa,2
Nia Jervier,5
Wale Ojo,12
Andy Garcia,16
Pitobash,6
Bill Vincent,4
Joey Marquez,14
Sadashiv Amrapurkar,6
Kat Dennings,16
Cherie Chung,0
Banky Wellington,12
Kengo Kawanishi,7
Huang Xiaoming,0
Danny Trejo,16
Minnie Driver,8
Juhi Chawla,6
Morgan Neundorf,22
Blake Shelton,18
Dylan McDermott,10
Michael Clarke Duncan,16
Deepak Wadhwa,6
Jonathan Katz,9
Michael Zegen,19
Cesare Danova,17
Sivagorn Muttamara,26
Oliver Boot,4
Shawn Yue,0
Judi Dench,3
Omar Mustafa Metwally,13
Vitta Mariana Barrazza,23
Bushra,13
Kearia Schroeder,25
Ellen Burstyn,17
Peter Greene,9
Justine Lupe,19
Alexa PenaVega,16
Jonathan Pryce,18
Gugu Mbatha-Raw,3
Romi Park,7
Ikranagara,1
Rasika Agashe,6
Sanjay Suri,6
Upendra Limaye,6
Ejay Falcon,14
Brian Howe,17
Sarah Shahi,5
Kate Bosworth,9
Danny Masterson,10
David Milchard,8
Paul Blackthorne,6
Billy Connolly,9
Kate Beckinsale,18
Michael Fassbender,16
Wayne Knight,8
Vikram Sakhalkar,6
Roopesh Kumar,6
Emily Alyn Lind,11
Jay Larson,15
Linda Ihuoma-Suleiman,12
Will Arnett,5
Jerry Kernion,24
Mithun Chakraborty,6
Joseph Cross,17
Christopher Walken,17
O.C. Ukeje,12
Zhang Hanyu,0
Steven Cree,4
Kerry Shale,4
Kenneth Tigar,3
Ronnie Hawkins,17
Ashish Vidyarthi,6
Daniel Brühl,16
Kentarô Itô,7
Vivica A. Fox,16
Sissy Spacek,5
Satarupa Das,21
Mandakini,6
Danny McBride,5
Jeff Bridges,8
Verdi Solaiman,23
Josey Montana McCoy,20
Cayden Boyd,16
Govind Namdeo,6
Kader Khan,6
Ayaz Khan,6
Tom Guiry,3
Abby Ryder Fortson,10
Simran Kaur Mundi,6
Jonathan Slavin,24
Lynn Collins,11
Julia Stiles,4
Ravi Baswani,6
Diane Kruger,16
Eric Winter,5
Chris Elliott,9
Ali Zafar,6
John C. Reilly,17
Julia Lea Wolov,18
Ted Hartley,24
Lily-Rose Depp,10
Judah Lewis,11
Imelda Staunton,4
Richard Roundtree,19
Rajesh Khattar,6
Tara Emad,13
Piyush Mishra,6
Danny John-Jules,4
Siddhant Kapoor,6
Titi Kamal,1
Anthony Higgins,17
Anubrata Basu,21
Kristen Bell,9
Lisa Scenna,22
Kishori Shahane,6
Nick Swardson,18
Guy Pearce,18
Tyler Labine,10
Akash Thosar,6
Callum Turner,11
Dominic Power,6
Naturi Naughton,5
Randy Newman,24
Sunny Leone,6
John Boyega,19
Chumphorn Thepphithak,26
Jim Broadbent,17
Dustin Hoffman,19
Maya Kazan,19
Demian Aditya,23
Hyper BB,0
Lauren Graham,9
Farooq Shaikh,6
Suzanne Krull,24
Jennifer Lopez,5
Kate Capshaw,17
Gautam Bhimani,6
Mai Selim,13
Harold Perrineau,3
David Schneider,4
Farida Al-Gready,13
Charlotte Coleman,4
Atul Kulkarni,6
Sadiq Daba,12
Kelly Lynch,11
Fumiko Orikasa,7
Maya Rudolph,5
Ian Ashpitel,4
Debra Messing,8
Vikrant Massey,6
Javed Sheikh,6
Cam'ron,5
Topher Grace,4
Salloum Haddad,13
Julian Glover,17
Altan Erkekli,27
Sonali Kulkarni,6
Cindy Robinson,20
Aditi Rao Hydari,6
Keith David,2
Kehinde Bankole,12
Michael Paré,2
Kulbhushan Kharbanda,6
Bruce Greenwood,10
Rolan Bykov,6
Al Whiting,18
Neil Nitin Mukesh,6
Soha Ali Khan,6
Zarine Khan,6
Emmy Rossum,3
Burcu Gönder,27
Kevin Cecil,4
Naseeruddin Shah,6
Kevin Tighe,11
Aasif Mandvi,9
Coco Martin,14
Ian Veneracion,14
David Arquette,16
MC Calaquian,14
Eric Santos,6
Ivan Raimi,4
Tabitha St. Germain,20
Nittha Jirayungyurn,26
Denzel Washington,3
Chen Kuan Tai,0
Kemi Lala Akindoju,12
Tillotama Shome,6
Bernard Palanca,14
Michael Madsen,16
Brian Cummings,4
Smith Seth,6
Akanksha Puri,6
Michiel Huisman,4
Sean Astin,18
Sora Amamiya,7
Matt LeBlanc,11
Andre Garcia,14
Lauren Holly,22
Vincent Sze,0
Masuo Amada,7
Ashley Judd,10
Neels Clasen,2
Azhy Robertson,19
Daniel O'Meara,4
Josh Lucas,3
Kate Winslet,9
Barbara Tyson,20
Christina Kirk,15
Xzibit,3
Elaine Stritch,5
Jonathan Mulia,1
Kabir Bedi,6
Simi Ogunleye,12
Manoj Joshi,6
Fred Willard,8
Aurélie Eliam,12
Pam Grier,16
Anjelica Huston,9
George Newbern,8
Charles Fathy,2
Yakub Akhmedov,6
Karan Kundra,6
Kayode Olaiya,12
Ken Tong,0
Zhang Jin,0
Prim Bulakul,26
Zach Grenier,4
Jocelin Donahue,10
Cody Cameron,4
Kathy Bates,18
Valarie Pettiford,25
Justin Long,9
Jeffrey Donovan,9
Geoff Pierson,0
Michael Peña,10
Vijay Raaz,6
Sushmita Sen,6
Christie Peruso,2
Coney Reyes,14
Ranveer Singh,6
Greta Gerwig,19
Billy Green Bush,17
Paula Rhodes,20
Jacob Pitts,5
Samantha Bond,3
Manish Mehta,6
Nawazuddin Siddiqui,6
Mita Vashisht,6
James Brolin,17
Masako Katsuki,7
Anthony Daniels,19
Michael Colyar,24
Bob Saget,5
Igi Boy Flores,14
Brandon Miller,24
Raghuvaran,6
Akio Otsuka,7
Benjamin Chan,0
Patricia Bull,6
Kevin Chapman,3
Makenzie Moss,8
Tracy Davis,25
Parmeet Sethi,6
Demián Bichir,16
Tolga Çevik,27
Andrew Bachelor,11
Zooey Deschanel,10
Kunaal Roy Kapur,6
Fatym Layachi,12
Katherine Narducci,3
Poonam Sinha,6
Mark Walton,8
Penny Downie,3
Sal Masekela,8
Supriya Pathak,6
Bob Gunton,3
Chris Parnell,5
Scott Adkins,2
Hannah John-Kamen,10
Ronn Moss,8
Dominic West,4
Mircea Monroe,5
Alfre Woodard,8
Soni Razdan,6
Deborah Findlay,4
Bob Clendenin,24
Lydia Forson,12
Brijendra Kala,6
Daya Shankar Pandey,6
John Rhys-Davies,17
Zainab Balogun,12
Kanayo O. Kanayo,12
Amit Shah,11
Jason Rogel,11
Tejaswini Kolhapure,6
Kirstie Alley,9
Samy Maghawry,13
Demi Moore,11
James Purefoy,4
Babyjohn Choi,0
Kayden Magnuson,8
Kiran Vairale,6
Donnie Kehr,3
Monica Bellucci,10
Hema Malini,6
Brandon Auret,2
Salman Khan,6
Kierston Wareing,2
Rade Serbedzija,3
James Reid,14
Marcus Chong,3
Gad Elmaleh,17
Aylin Kontante,27
Carol 'Do Do' Cheng,0
Adrian Edmondson,19
Luke Wilson,11
Seth Green,10
Erica Piccininni,3
Allison Warnyca,20
Jeremy Thomas,23
Joseph Castanon,18
Kimberly Russell,24
Sid Haig,16
Prakash Raj,6
Yuhei Takagi,7
Haifa Wehbe,13
Enyinna Nwigwe,12
Maria Sabta,23
Gao Yuanyuan,0
Dilip Kumar,6
Damian Chapa,9
Supriya Karnik,6
Karena Ng,0
Yennis Cheung,2
Ric Young,17
Sanjeev Bhaskar,4
Mayumi Asano,7
Songül Öden,27
Miranda Hart,11
Chetan Pandit,6
Emma Thompson,19
Maaya Sakamoto,7
Gacha Plienwithi,26
Harvey Keitel,17
Chua Kah Joo,17
Tooni Afolayan,12
Akash Khurana,6
Pearl Thusi,2
Sarfaraz Khan,6
Eddy Ko,0
Amy Robinson,17
Michael Esper,19
J-Boog,25
Chunky Pandey,6
Michael Parks,16
Hiroshi Kamiya,7
Patrick Tam,0
Jay O. Sanders,3
Gary Basaraba,17
Jimmy Shergill,6
Priyanka Chopra,6
Surveen Chawla,6
Murari Kumar,6
David J. Oserwe,12
Richard DeManincor,4
Noah Segan,19
Embeth Davidtz,17
Eddie Marsan,17
Radha Mitchell,10
Howard Rosemeyer,6
Marcus Griffin,20
Amrit Pal,6
Sophie Thompson,4
Joross Gamboa,14
Al Tantay,14
Shofia Shireen,23
Bryan Batt,9
Usha Jadhav,6
Wilfred Lau,0
Meera Syal,11
Wendy Raquel Robinson,25
Poonam Dhillon,6
Jed Rees,8
Peter Mensah,2
Pankaj Kapur,6
Wai Ai,0
Laura Dern,19
Chi Ming Lau,0
Yangzom Brauen,15
Josh Daugherty,4
Sevket Çoruh,27
Bill Martin Williams,9
Angel Locsin,14
Cathy Moriarty,17
Rebekah Asselstine,20
Julie Kavner,18
Shamaine Centenera,14
Richard McCabe,6
Adinia Wirasti,1
Diane Keaton,2
Harshvardhan Kapoor,6
Abhay Deol,6
Gerard Butler,9
Kathrine Narducci,17
Louis Cancelmi,17
Jeff Michalski,16
Takaya Kuroda,7
Alison Doody,17
Aga Muhlach,14
Jon Kit Lee,0
Navni Parihar,6
Corey Burton,24
Julia Roberts,4
Hana Mae Lee,11
Benjamin Flores Jr.,11
Sebastian Saraceno,18
Wesley Snipes,10
Govinda,6
Charles Ingram,10
Louis Koo,0
Stephen Fung,0
Bayoumi Fouad,13
Keith Sequeira,6
Akshaye Khanna,6
Patrick Warburton,9
Halle Berry,9
Davood Ghadami,4
Arkie Reece,4
Rosario Dawson,16
Sonam Kapoor,6
Gulshan Devaiah,6
Shashank Arora,21
Jerry Hauck,15
Amrita Rao,6
Aishwarya Rai Bachchan,6
Jamie Lever,6
Josh Stamberg,3
Randeep Jha,6
Radhika Apte,6
Madeleine Coghlan,10
Shannon Elizabeth,10
Colin Salmon,3
Rosemary Harris,4
Toby Stephens,3
David Bailie,12
Angélique Kidjo,12
Natalie Brown,15
Wiwat Kongrasri,26
Wanda Sykes,5
Deven Verma,6
Jill Baker,4
Lavell Crawford,18
Figs Jackman,4
Flea,10
Walton Goggins,16
Liev Schreiber,9
Sushant Singh,6
Bradley Cooper,10
Tommy 'Tiny' Lister,16
Rani Mukerji,6
Vinay Pathak,6
Asri Handayani,23
Noah Dyer,22
Richard Griffiths,18
Maggie Cheung,0
Amr Sakr,13
Robert Curtis Brown,5
Twinkle Khanna,6
David Menkin,4
Esai Morales,5
Kevin Connolly,5
Tammy Townsend,25
Domenick Lombardozzi,17
Tom Sweet,11
Annie Cavalero,11
Marque Richardson,5
Richard Gere,9
Alex Gonzaga,14
Laura Bailey,20
John Cleese,11
Tony Shalhoub,16
Bryan Leung,0
Dharmendra,6
Alessio Scalzotto,11
Urmila Matondkar,6
Kris Kristofferson,17
Chi McBride,5
Howard Hesseman,9
Daniel Day-Lewis,17
Phil Cheadle,4
Stephen Huszar,22
Kathryn Hahn,18
Aaron Yoo,5
Zeynep Özder,27
Anton Yelchin,11
Yuri Suri,6
Jimmy Vee,19
Frank John Hughes,17
Sebnem Sönmez,27
Irmawati Jabbar,1
Amanda Seyfried,19
Bharati Achrekar,6
John Cameron,4
Sarah Chalke,8
Dakore Akande,12
Eugenia Yuan,0
Vincent Piazza,3
Caroline Goodall,17
Mohnish Bahl,6
Efren Ramirez,9
Citra Prima,23
Vikram Gokhale,6
Ishtiyak Khan,6
Pallavi Joshi,6
Sanjay Kapoor,6
Jordan Chan,0
Hakim,13
Michael Gross,2
Andrew Bowen,10
Pooja Batra,6
Jasmine Akakpo,9
Bridget Hoffman,24
Regina King,9
Nick Rhys,12
Bryan Cranston,4
Tosin Sido,12
Alec Baldwin,17
Melissa Rauch,16
Alfred Lutter,17
Shweta Bhardwaj,6
Jonathan Loughran,18
Adil Hussain,6
Brad Pitt,16
W. Earl Brown,15
Catherine Scorsese,17
Mick Wingert,24
Dwight Ewell,10
Rasika Dugal,6
Domhnall Gleeson,19
Annette Edoarda,23
Reiko Suzuki,7
Will Ferrell,10
Shakeel Khan,6
Brian White,25
Rowan Blanchard,16
John Abraham,6
Ellie Bamber,11
Harry Northup,17
Christopher McDonald,2
Kirsten Dunst,4
Lawrence Stubbings,12
Jamal Mixon,9
Oprah Winfrey,24
Jess Walton,22
Johntae Lipscomb,18
JeeJa Yanin,2
Cate Blanchett,17
Nick Moran,2
Manoj Bajpayee,6
Engin Günaydın,27
Jessica Vanessa DeLeon,25
Jason Bateman,10
Lam Suet,0
Unnop Chanpaibool,26
Carmen Electra,18
Malick Bowens,10
Morwenna Banks,20
Jessica Biel,3
Soumendra Bhattacharya,21
Abir Goswami,6
Sharat Saxena,6
Omar Dorsey,24
Spencer Treat Clark,3
Michael Wincott,3
Robbie Amell,11
Erica Hubbard,25
Ciarán Hinds,4
Lena Headey,10
Mutsumi Tamura,7
Ingrid Nilson,20
Achyut Potdar,6
Yu Kang,0
Michael Palin,4
Sayed Rajab,13
Tsung-Hua To,0
Toyosi Benjamin,12
Powers Boothe,16
Sam Worthington,11
Seeta Indrani,4
Michael Scala,17
Samara Weaving,11
Tiku Talsania,6
Deepak Dobriyal,6
Joyce Walker,5
Santiago Segura,9
Ayo Mogaji,12
Wing Cho,0
David Carradine,16
Kenneth Tsang,0
Niteesh Wadhwa,6
Kelly Slater,8
Ketchup Eusebio,14
Ai-Ai de las Alas,14
Shakti Kapoor,6
Kris Srepoomseth,26
James Blanco,14
Caner Arçkan,27
Yuki Matsuoka,7
Martin Sheen,17
Erica Lindbeck,20
Clint Dyer,4
Meryl Streep,16
Moon Moon Sen,6
Omid Djalili,11
Sasha Pieterse,16
Donnie Yen,0
Paul Tassone,15
Frank Vincent,17
Keri Russell,18
Mohammed Tharwat,13
Jonathan Mangum,8
Dina Pathak,6
Ritchie Coster,9
Pete Postlethwaite,15
Jennifer Schwalbach,10
Kishore Kadam,6
Alan Cumming,16
Rutger Hauer,16
Megalyn Echikunwoke,5
Noriaki Sugiyama,7
Paul Goldblatt,11
Vaishwath Shankar,21
Brent Werzner,11
Lucy Lawless,18
Julius Tennon,5
Michael-Leon Wooley,24
Larissa Galagher,20
Rasaq Olayiwola,12
Michael Sheen,5
Anil Dhawan,6
Katie Holmes,2
Mandy Moore,8
Dillon Mitra,11
Seema Biswas,6
Hannah Dunne,19
Ray Romano,17
Jack McBrayer,9
Billy Brown,24
Amy Hargreaves,11
Pooja Ruparel,21
Sean Carrigan,4
Pavail Gulati,6
Andy Lau,0
Jonathan Groff,8
J.C. MacKenzie,2
Sofiko Chiaureli,6
Ben Stiller,19
Howard Charles,2
Gerry Becker,4
Jamie-Lee Money,2
Griffin Gluck,9
Tamsin Greig,4
Meagan Good,19
Liza Lapira,5
Denzil Smith,6
Mukul Dev,6
Sue Swan,20
Teresa Palmer,18
Noah Matthews,5
Lorenza Izzo,10
Sumeet Nijhawan,6
Roshan Seth,17
Tim Robbins,3
Hesham Al-Meligy,13
Shondrella Avery,25
Tasha Smith,25
Ratna Pathak Shah,6
Ken Erics,12
Clive Owen,16
Dante Rivero,14
John DiMaggio,8
Mohan Joshi,6
Daniel Craig,17
Stephanie Kurtzuba,17
Funlola Aofiyebi,12
Vanilla Ice,18
Gordon Liu,16
Harry Shum Jr.,0
Kurt Russell,16
Brittany Snow,18
Usha Uthup,21
Kathryn Joosten,18
Karim Afifi,13
Ini Edo,12
Anuradha Patel,6
James D'Arcy,3
Selman Ünlüsoy,27
Mickey Sumner,19
İbrahim Büyükak,27
Kiron Kher,6
Theresa Saldana,17
Bruno Campos,24
Kelly Perine,25
Alia Shawkat,11
Isha Koppikar,6
Mélanie Laurent,16
Vivek Oberoi,6
Rebecca Pan,0
Louis Mandylor,2
Sonakshi Sinha,6
Beatrice Macola,17
Purab Kohli,6
Brian Blessed,8
Enchong Dee,14
Shuya Chang,0
Stephen Rannazzisi,9
Andrew Shaifer,24
Josh Hartnett,16
Enrique Gil,14
Bimby Aquino-Yap,14
Arjun Rampal,6
Simon Yam,0
Vijayendra Ghatge,6
Darren Shahlavi,0
Julian Black Antelope,11
Carl McDowell,11
Mona Marshall,24
Amanda Plummer,16
Alex Fong,0
Chelcie Ross,4
Paramjit Singh Kakran,6
Ginnifer Goodwin,4
Thomas F. Wilson,16
Madhuri Bhatia,6
John Krasinski,8
David Theune,11
Vernon Vaughn,10
Grace Gummer,19
Cassidey Fralin,25
Jesse Plemons,17
Paul Darnell,24
Zack Orji,12
Alexandria Deberry,9
Renée Marino,3
Ken Chung,0
Rachel Staman,20
Reema Lagoo,6
Dhritiman Chatterjee,6
Somkele Iyamah,12
Cam Clarke,20
Gizem Tuğral,27
Riley Keough,11
John Duff,24
Miya Cech,11
David Proval,17
Dennis Hayden,24
Shaina Magdayao,14
Joan Cusack,4
Marc Wootton,4
Yoichi Masukawa,7
Fardeen Khan,6
Emma Kennedy,4
Bella Thorne,11
Glenn Close,8
Martin Wuttke,16
Kiran Juneja,6
Theresa Tilly,4
Beau Sia,11
Monty Sharma,6
Pran,6
Jessica Brown Findlay,4
Zina Bethune,17
Tony Goldwyn,8
Caroline Chikezie,15
Misty Copeland,11
Demetrius Grosse,15
Sam Milby,14
Jason Schwartzman,15
Mary Sohn,5
Miranda Nolte,20
Asrani,6
Sharmila Tagore,6
Chapman To,0
Okan Çabalar,27
Laura Greenwood,10
Emayatzy Corinealdi,15
Steven Prince,17
Shahana Goswami,6
Scott MacArthur,11
Abeer Abrar,6
Laura Harrington,11
Adam LeFevre,9
Kristin Davis,16
Peter McRobbie,11
Tommy Yuen,0
Taner Birsel,27
Connie Booth,10
Lynn Hung,0
Avinash Tiwary,6
Nikki Blonsky,18
Suhasini Mulay,6
Wulan Guritno,1
Josh Hamilton,19
Jacqueline Fernandez,6
Muraina Oyelami,12
Jim Sturgess,3
Jane Fonda,5
Ricky Mabe,10
Ario Bayu,1
Salih Kalyon,27
Dennis Quaid,9
Kiran Rathod,6
Molly Shannon,18
Rendy Ahmad,1
Alexander Ludwig,24
Sam Vincent,20
Taylor Dooley,16
Sally Field,17
Mika Boorem,3
Stephen Dunham,5
Dian Sastrowardoyo,1
Billy Crawford,14
Lukas Haas,19
Richard Tyson,9
Mallika Sherawat,6
Jackie Shroff,6
William Baldwin,19
Natthaweeranuch Thongmee,26
Hans Gunawan,23
Betty White,8
Sergei Polunin,11
Jorge Garcia,18
Julian Arahanga,3
Haviland Stillwell,20
Wolf Kahler,17
Penelope Wilton,4
Dave Foley,8
Jadagrace,11
Chico,13
Bill Nighy,4
Aaron Eckhart,10
Peter Kelamis,20
Ryoka Yuzuki,7
Jack Nicholson,17
Michael Douglas,10
Ayça Erturan,27
Tami Roman,25
Yeni Alvarez,20
Ahlam Al-Gritly,13
Sunny Deol,6
Kwesi Boakye,24
Aruna Irani,6
Adam Scott,5
Fred Tatasciore,24
Tommy Lee Jones,17
Farida Jalal,6
Zachary Quinto,16
Ahmed Fathy,13
Eddie Jemison,16
Vinod Khanna,6
Elias Koteas,3
Carol Cleveland,10
Kenny Bee,0
Ranbir Kapoor,6
Matt McGorry,5
Jayma Mays,9
Andie MacDowell,4
Isabela Moner,9
Jayapradha,6
Patience Ozokwor,12
Kazuhiko Inoue,7
Richelle Georgette Skornicki,23
Bethany Brown,20
Kim Richards,24
Cynthia Martells,5
LisaGay Hamilton,16
Nana Mizuki,7
Malvika Tiwari,6
Nicole Byer,5
Ted Danson,2
Denisse Ojeda,8
Siobhan Fallon Hogan,9
Manav Kaul,6
Krishna Shrikanth Iyengar,6
Perla Haney-Jardine,16
Rosamund Kwan,0
Chad Smith,10
Anjan Srivastav,6
vivienne Rutherford,8
Pelin Körmükçü,27
Jack Whitehall,11
Marin Ireland,17
Enzo Cilenti,3
Robert De Niro,17
Anshuman Jha,6
Ananda Everingham,26
Voke Victoria,23
Chris Pratt,9
David Bower,4
Jason Lee,10
Trevor Gagnon,16
Prasad,6
Patrick Mofokeng,3
Louie Anderson,5
Genesis Rodriguez,10
James Fleet,4
Ted Raimi,4
Carlo Aquino,14
Tom Courtenay,4
Rizky Hanggono,23
Sanjay Dutt,6
Phil Crowley,9
Arya Babbar,6
Prisia Nasution,1
Afdhal Yusman,23
Heath Ledger,10
Jonathan Ke Quan,17
Thomas Mann,15
Jennifer Aniston,9
Richard Ridings,10
Shaffy Bello,12
Kimberly-Sue Murray,22
Sonu Sood,6
Eileen Page,4
Philip Keung,0
Oakley Bull,8
Lennard Kuras,17
Shreya Sharma,6
Mark Strong,4
Olivia d'Abo,19
Akshay Kumar,6
Parakh Madan,6
Bob Koherr,24
Christoffer Nelwan,1
Bobby Andrews,14
Tuba Ünsal,27
Colin Farrell,10
Erica Peeples,25
Hugh Grant,4
Chloë Grace Moretz,9
Nicole Theriault,26
Katrina Kaif,6
Adam Ferrara,9
Sarah Geronimo,14
Dolly Ahluwalia,6
Jane Sibbett,9
Kunal Kapoor,6
Irma Adlawan,14
Rajit Kapoor,6
Mega Carefansa,23
Vincent D'Onofrio,10
Bea Alonzo,14
Brady Corbet,19
Dylan Baker,3
Ajay Nagrath,6
Madan Puri,6
Christina Ricci,10
Rydhen Afexi,23
Bob Dylan,17
Charlotte Le Bon,11
Sophie Ward,3
Lo Hoi-pang,0
Albert Brooks,17
Ronit Roy,6
Ruby Wong,0
Peter Stormare,10
Terence Stamp,10
Karim El Abnoudi,13
Joe Pesci,17
Falz The Bahd Guy,12
Salah Abdullah,13
Lin Shaye,9
Ashley Olsen,9
Kapil Sharma,6
Aytaç Uşun,27
Lawrence Joffe,2
Ben Affleck,10
Adam Arkin,9
Wallace Chung,0
Neha Chauhan,6
Michael Jai White,2
Donald Sutherland,3
Austin Butler,10
Denholm Elliott,17
Raghuvir Yadav,6
Mikey Post,18
Veronica Cartwright,9
Ezgi Mola,27
Maria Cordero,0
Arshad Warsi,6
Reggie De Leon,8
Bruce McGill,17
Danny Glover,2
Vicky Kaushal,6
Kanin Ngo,0
Tim Thomerson,10
Ramblin' Jack Elliott,17
Ashley Greene,10
Sita Nursanti,1
Laura Linney,19
Arjun Kapoor,6
June Christopher,24
John Goodman,24
Madeline Leon,22
Kali Prasad Mukherjee,6
Vera Farmiga,17
Awaovieyi Agie,10
Kendrick Cross,9
Mary Steenburgen,11
Veronika Bozeman,25
Jodie Sweetin,22
Jonny Lee Miller,15
Maya Franzoi,22
Eden Sher,5
Basak Köklükaya,27
Mert Fırat,27
Steven Cabral,15
Fatih Artman,27
Pongsatorn Jongwilak,26
Sid Mallya,21
Gary Valentine,9
Isha Sharvani,6
Shea Whigham,5
James Woods,8
Andrew Collins,18
Cheryl Hines,5
Jared Harris,17
Ice Cube,3
Chien-lien Wu,0
Celina Jaitly,6
Jeetendra,6
Rowell Santiago,14
Ryan Reynolds,10
Chaitanya Varad,21
Iretiola Doyle,12
Chandan Roy Sanyal,6
Andre Royo,5
Corin Redgrave,4
Charles Grodin,19
Sal Stowers,5
Kyle Allen,15
Charlotte d'Amboise,19
Chris Marquette,24
Ken Leung,19
K.K. Raina,6
Gregory Ojefua,12
Gautam Rode,6
Zhang Songwen,0
Nico Panagio,12
James Garner,3
Sam Rockwell,11
Abhimanyu Singh,6
Miles Ocampo,14
Ralph Fiennes,17
Annie Parisse,5
Adam Brody,10
Chris Sharp,11
Kazumi Evans,20
Shreya Reddy,6
Rico Torres,16
Kate Adepegba,12
Rosie O'Donnell,8
Nora Zehetner,19
Dominic Lam,0
Roger Cross,2
Luke Massy,2
Claudette Wells,24
Nassar Abdulla,6
Rii,21
Małgorzata Gebel,17
Mackenzie Sol,8
Stewart Lee,4
Satarupa Pyne,6
Amr Abdel-Geleel,13
Kosuke Toriumi,7
Sheila Vand,15
Marcia Gay Harden,3
Jennifer Coolidge,18
Chandan Anand,6
Sonali Bendre,6
Smita Jaykar,6
Farzana Dua Elahe,11
Anurag Arora,6
Saiyami Kher,6
Michael J. Pagan,3
Martin Lawrence,8
Henry Thomas,17
Sohail Khan,6
Zakir Hussain,6
Gülhan Tekin,27
Dimple Kapadia,6
Philip Stone,17
Nate Corddry,5
Ranvir Shorey,6
Monet Mazur,5
Shahid Kapoor,6
Tsubasa Yonaga,7
Sissy Priscillia,1
Christopher Gaze,20
Kelly Metzger,20
John Michael Higgins,5
David Kross,17
Satyendra Kapoor,6
Joe Cole,11
Kelly Sheridan,20
Aisha Tyler,18
Anthony Hopkins,3
Rebel Rodriguez,16
Melanie Lynskey,15
Sinbad,5
Hrishikesh Joshi,6
Alfred Molina,17
Amy Adams,17
Kiara Advani,6
Welker White,17
Jacob Hopkins,9
Lisa Ray,6
William Sadler,15
Lily James,4
Michael Beach,11
Gary Oldman,16
Hafeez Oyetoro,12
Cate Fowler,4
Christoph Waltz,16
Nikki Amuka-Bird,3
Simon Pegg,17
Gwendoline Christie,19
Karla Estrada,14
Loren Dean,3
Shia LaBeouf,17
Kedrick Brown,9
Deepak Qazir,6
Erich Bergen,3
Viola Davis,5
Karen Allen,17
Dareen Haddad,13
Saginaw Grant,18
Paul Freeman,17
Raini Rodriguez,9
Nicholas Woodeson,4
Andrew Garfield,10
Nagarjuna Akkineni,6
Dylan Mooney,25
Cliff Curtis,3
Somyos Matures,26
Philip Bosco,9
Telma Hopkins,25
Adhvik Mahajan,6
Kyle MacLachlan,16
Paul Logan,25
Selina Lo,2
Ara Mina,14
Jackie Earle Haley,17
Masaki Terasoma,7
Mike Doyle,3
Keir O'Donnell,9
Ersin Korkut,27
Jason Butler Harner,3
Aleksandr Dyachenko,6
Shinichiro Miki,7
Nana Patekar,6
John Ratzenberger,8
Thomas Turgoose,2
Tony Hale,16
George Memmoli,17
Luka Jones,5
Riham Ayman,13
David Oyelowo,17
Herjunot Ali,23
Gülsüm Alkan,27
Michael Ironside,11
Dimples Romana,14
John Slattery,4
Dalal Abdel Aziz,13
Liam MacDonald,22
Imran Khan,6
Alice Patten,6
Samantha Morton,4
Matt Schichter,22
Jeff Anderson,10
Rimi Sen,6
Sukant Goel,6
Marsha Wattanapanich,26
Manjari Fadnis,6
John Kassir,24
Emmanuel Castis,2
Kevin James,9
Jaime King,16
Jeremy Irvine,17
Chris Coppola,8
Colton Dunn,5
Dennis Chan,0
Eve Plumb,11
Alexis Bledel,16
Eser Yenenler,27
George Lam,0
Rick Yune,3
Fionnula Flanagan,10
Nadhira Suryadi,1
Rajkummar Rao,6
Jeffrey Tam,14
Robert Eddison,17
Tiger Chen,2
Matt O'Leary,16
Anna Cummer,20
Claudia O'Doherty,5
Chie Nakamura,7
Sofia Andres,14
Kyra Dutt,6
Uma Thurman,9
Avani Modi,6
Hugh Laurie,4
Toru Sakurai,7
Ashok Selvan,6
Zeynep Tokuş,27
Matthew Sharp,19
Robert Miano,4
Nagua Fouad,13
Lombardo Boyar,8
Ashley Rogan,22
Leonard Harris,17
Tony Plana,3
Aditya Srivastava,6
Christopher Meloni,10
Josh Flitter,8
Ellen Barkin,10
Rob Schneider,18
Ananya Biswas,21
Razak Khan,6
Alex Barnett,11
Raymond Wong Ho-Yin,0
Mary Alice,3
Janhvi Kapoor,6
Ayşegül Akdemir,27
Jason Mewes,10
Lota Chukwu,12
Kenji Hamada,7
Shriswara,6
Paul Bettany,10
Serkan Keskin,27
Chung-wai Lee,0
Anupam Kher,6
Sindbad Phgura,6
Samrat Mukherjee,6
Tardu Flordun,27
Robby Tumewu,1
Rakhee Gulzar,6
Jason Wiles,19
Rakesh Bedi,6
Xinyi Zhang,0
Yoko Hikasa,7
Jorge Diaz,8
Lawrence Makoare,3
Rudy Mancuso,11
Faiza Mahnur,23
Christopher Goodman,4
Anil Mange,6
Fanesa Kayla,1
Logan Marshall-Green,15
Sandy Barnett,11
Femi Adebayo,12
Peter Renaday,24
Philip Proctor,24
Syna Anand,6
Anton Peeples,25
Mackenzie Crook,10
Thomas Nawilis,1
Alex D. Linz,8
Ashish Verma,6
Michael Dobson,20
Vivaan Shah,6
Joe Starr,17
Roger Aaron Brown,24
Varsha Usgaonkar,6
Mark Strange,2
Julia Davis,4
Stacy Rock,11
Om Kanojiya,6
Nicholas Saputra,1
Sadie Sandler,18
Tim Robinson,5
Khiyla Aynne,22
Bianca Hello,23
Hattie Winston,16
Matt Stern,3
Angela Trimbur,15
Kevin Bacon,3
Derya Karadas,27
Indra Birowo,1
Alex Abbad,23
Tat-Ming Cheung,0
Sharad Kelkar,6
Marieh Delfino,15
Adam Pally,9
Ila Arun,6
Zak Hendrikz,2
Yuichi Nakamura,7
Ahmad Wafiq,13
Steven Van Zandt,17
James Badge Dale,11
Bhumi Pednekar,6
Catherine Zeta-Jones,16
Bruce Campbell,4
Rachel Brann,2
Terry O'Quinn,3
Kangna Ranaut,6
Christopher Russell,22
Mark Ghanimé,22
Li Xiaoran,0
Funke Akindele,12
Rajendranath Zutshi,6
Stephanie Sheh,20
Amitabh Bachchan,6
Punam Patel,11
Carlos Jacott,19
Verne Troyer,10
Warwick Davis,19
Nissar Khan,6
Johnny Knoxville,9
Karen Strassman,20
Qi Shu,0
Ian McShane,5
Diana Kaarina,20
Ammo 'Too Sweet',6
Edison Chen,0
Navin Nischol,6
Adesh Bhardwaj,6
Sola Fosudo,12
Kevin Carroll,5
Ellen Sandweiss,4
Om Puri,6
Dingdong Dantes,14
Şebnem Bozoklu,27
Nse Ikpe-Etim,12
Rahul Kumar,6
Shabana Azmi,6
Eva Longoria,4
Richard Gomez,14
Wati Sudiyono,23
Emraan Hashmi,6
Aya Hirano,7
Yuki Kaji,7
Alistair McGowan,4
Liu Ye,0
Eddie Redmayne,3
Amanda Bynes,18
Andy McPhee,15
Mohamed Lotfy,13
Narendra Jha,6
Nick Chinlund,10
Lambert Wilson,3
Patti Smith,17
Anthony Wong Chau-Sang,0
Apoorva Agnihotri,6
Archana Puran Singh,6
Dana Gourrier,16
Marwa,13
Vincent Tong,20
James Parks,16
Jim Cummings,24
Doona Bae,3
Eliza Dushku,10
Aditya Narayan,6
Jane Krakowski,8
Prasenjit Chatterjee,6
Steve Eastin,17
Rahul Bose,6
David Dastmalchian,10
Thomas Haden Church,4
Patrick Heusinger,19
Bensu Soral,27
Dave Ferguson,5
David Ross Paterson,15
Rahul Dev,6
Vice Ganda,14
Devon Aoki,16
Jaideep Ahlawat,6
Zoë Bell,16
Neha Dhupia,6
Mark Hamill,19
Ravi Kishan,6
İpek Bilgin,27
Pavan Malhotra,6
Soumyak Kanti DeBiswas,21
Beverly Naya,12
Köksal Engür,27
Shashi Sharma,6
Kieran Culkin,9
Emeril Lagasse,24
Vivek Mushran,6
Kenny G,5
Channing Tatum,16
Dayo Akinpelu,12
Dhiru Dwivedi,6
Helen Carey,5
Rahul Singh,6
Ramsey Nouah,12
Cezmi Baskın,27
Tony Kgoroge,3
Cindy Katz,19
Matthew Maher,19
Jimi the Quiff,6
Til Schweiger,16
James Spader,17
Ali Liebert,20
Joan Didion,9
Hugh Jackman,9
Rajpal Yadav,6
Bülent Emrah Parlak,27
Joseph Gordon-Levitt,17
Ben Cross,2
Tory Kittles,3
Carman Lee,0
Greg Germann,8
Marko Zaror,2
Alexander Skarsgård,11
Jay Anstey,2
Lucy Liu,11
Victor Argo,17
Chris Wylde,11
Rajiv Kapoor,6
Rukman Rosadi,1
Michael Tse,0
Seth MacFarlane,9
Rajesh Vivek,6
Adam David Thompson,19
Corri English,24
Christopher Mintz-Plasse,9
Richard Romanus,17
Daniel Padilla,14
Rosamund Pike,3
Sayani Gupta,21
Tian Gao,0
Sunny Mabrey,3
Miyuki Sawashiro,7
Arunoday Singh,6
Arman Dewarti,1
Joy Fernandes,6
Atul Mongia,6
Steve Guttenberg,9
Jeff Pierre,2
Saeed Jaffrey,6
Morgan Krantz,15
Raj Babbar,6
Skylar Astin,8
Gary Anthony Sturgis,25
Andrew Daly,9
Mario Maurer,26
Helen Mirren,11
Celeste Henderson,20
Ving Rhames,16
Amos Tamam,2
Dustin Harnish,25
Angelu De Leon,14
Fiona Shaw,3
Jennifer Jason Leigh,16
Somy Ali,6
Rajesh Sharma,6
Maria de Medeiros,16
Billy Burke,3
Emre Canpolat,27
Athiya Shetty,6
Julie Ann Emery,9
Adrian Petriw,20
Mawuli Gavor,12
Seth Rogen,10
Cara Buono,19
Sophie Traub,10
Aoi Yuki,7
Makrand Deshpande,6
Dimi Cindyastira,1
Mahavir Shah,6
Ryan Bang,14
Manoj Pahwa,6
Rob Riggle,9
Halley Feiffer,19
Brad Swaile,20
Lili Taylor,10
Stephen Merchant,9
Richard Mofe-Damijo,12
Sachin Khedekar,6
Ramya Krishnan,6
Nona Gaye,3
Kate Reinders,8
Tanmay Dhanania,21
Geeta Tyagi,6
Shmulik Levy,17
Asin,6
Suzy Brack,6
Lung Ti,0
Vanessa Angel,9
Man-Wai Wong,0
Friedrich von Thun,17
AnnaSophia Robb,24
Jimmy Graham,5
Jessica Alba,16
Paul Rudd,10
Tuncer Salman,27
Paresh Rawal,6
Serena Po,0
José Zúñiga,3
Sindhu Sreenivasa Murthy,21
Al Pacino,17
Billy Tyler,18
Laura Waddell,15
Ikkyu Juku,7
Vidya Balan,6
David Thewlis,17
Tina Mba,12
Anil Kapoor,6
Rebecca Da Costa,9
Jonathan Whitesell,11
Louis Cheung,0
Ben Kingsley,17
Neils Coleta,14
Natalie Becker,2
Alessandra Torresani,5
Carla Jimenez,8
Leo Howard,16
Yasuhiro Mamiya,7
Michael Kenneth Williams,10
David Hasselhoff,18
Holly Weston,4
Regina Hall,5
Christine Baranski,9
Chiaki Kuriyama,16
Dean Wareham,19
Holland Taylor,16
Dan Styles,2
Will Smith,9
Aiden Lovekamp,15
Zach Galifianakis,5
Shannon Kane,10
Mrunal Thakur,6
Kevin Spacey,5
Moon Bloodgood,11
Devin Özgür Cinar,27
Annu Kapoor,6
Sheeba Chaddha,6
Mamta Kulkarni,6
Tanikella Bharani,6
Sagar Arya,6
Ebru Akel,27
Sharman Joshi,6
Finesse Mitchell,2
Anita Hara,23
Mario Cantone,8
Leonardo DiCaprio,17
Ruth Wilson,15
Seamus Malone,4
Claire Smithies,16
Shiney Ahuja,6
Amanda Lawrence,19
Vineet Kumar Singh,6
Roger McGuinn,17
Harry Lennix,3
Anika Noni Rose,24
Draya Michele,25
Lo Fan,0
Toby Kebbell,17
Jeffrey Wright,11
Allen Covert,18
Joel Marsh Garland,9
Anjana Mumtaz,6
Salma Hayek,8
Tony Cavalero,11
Woody Harrelson,9
Matt Walsh,9
Sue-Ann Leeds,3
Chika Okpala,12
Sean Jindachot,26
Jajang C. Noer,1
Maggie Gyllenhaal,4
Benu Kalsi,6
Anne Collette,17
J.D. Chakravarthi,6
Faizon Love,2
Sutthatip Wutichaipradit,26
Paul Mason,22
Adam Driver,19
Farah Zeynep Abdullah,27
Tyreese Burnett,8
Blair Brown,3
Christien Anholt,3
Lucy Aarden,2
Kurush Deboo,6
Sam Wolfson,24
Parker Posey,19
David Chiang,0
Joseph Bono,17
Charlie Sheen,9
Brian O'Halloran,10
Owen Kline,19
Bonnie Somerville,8
Candice Bergen,19
Ravi Kale,6
Kachormsak Naruepatr,26
Andy Richter,5
Tanushree Dutta,6
Yukari Tamura,7
Sean Giambrone,8
Esha Gupta,6
Amelia Warner,15
Peter Boyle,17
Sam Shepard,17
Melissa Leo,10
Leo Gregory,2
Paul Chun,0
Douglas Booth,3
Anne Waldman,17
Dalip Tahil,6
Cherry Pie Picache,14
Vinod Nagpal,6
Laura Ann Kesling,18
Steve Schirripa,3
Richard Higgs,17
Sammi Cheng,0
Simon Callow,4
Mickey Rourke,16
Alan Alda,19
Jeff Bennett,8
Toshiyuki Morikawa,7
Krishan Dhawan,6
Craig Robinson,10
Tora Sudiro,1
Katie Morgan,10
Jane Alexander,11
Nadine Lustre,14
Brian Drummond,20
Deejay Durano,14
Şükran Ovalı,27
Amanda Cerny,11
Greg Kinnear,9
Wong You-nam,0
Kay Kay Menon,6
Nawab Shah,6
John Carroll Lynch,15
Kunal Khemu,6
Arya Banerjee,6
Idina Menzel,8
Cai Cortez,14
İlker Kaleli,27
Tantoo Cardinal,11
Mckenna Grace,8
Leslie Bibb,9
Kris Pearn,4
Jesse Eisenberg,19
Charlie Cho,0
Ombo Gogo Ombo,12
Liza Soberano,14
Madhavan,6
Cut Mini Theo,1
Sharad Kapoor,6
RonReaco Lee,25
Brian Stepanek,8
LL Cool J,11
John Mahoney,3
Oscar Isaac,19
Michael Bisping,2
Beena Kak,6
Harsha Bhogle,6
Lilliput,6
Iko Uwais,2
Tsahi Halevi,2
Ranodeep Bose,21
Teuku Rifnu Wikana,23
Ethan Hawke,10
Ramona Marquez,4
Rina Sa,0
Pius Fatoke,12
Tara Sharma,6
Madan Joshi,6
Shannon Chan-Kent,20
Antonio Banderas,16
Don Cheadle,10
Prem Chopra,6
Carrie Fisher,19
Belinda McClory,3
Shinji Kawada,7
Harrison Ford,17
Chetan Hansraj,6
Özgü Namal,27
Ryotaro Okiayu,7
Yvette Nicole Brown,5
Ahmed Adel,13
Rasika Joshi,6
John Hodgman,9
Tarusuke Shingaki,7
Varun Sharma,6
Scarlett Johansson,19
Kumud Mishra,6
Gabriel Casseus,3
Jiro Manio,14
Bican Günalan,27
T.I.,10
Sylvester Groth,16
Queen Latifah,2
Erdal Özyagcilar,27
Imogen Poots,11
Hamdi Kahraman,27
Darlene Cates,11
Paris Phillips,25
Roy Chiao,17
Betsy Baker,4
Jerry Reed,18
Keira Knightley,11
Ragaa Al-Geddawy,13
Tatsuhisa Suzuki,7
Nobuaki Fukuda,7
Marissa Mathes,17
John Lloyd Cruz,14
Jiavani Linayao,5
Mukesh Rishi,6
Will Sasso,9
Ali Larter,10
John Gleeson Connolly,3
Brían F. O'Byrne,10
John Beasley,4
Ronald Lacey,17
Vladimir Kulich,2
Wale Adebayo,12
Imran Hasnee,6
Tom Woodruff Jr.,24
Luke LaFontaine,2
Joe Pantoliano,3
Theerapat Sajakul,26
Arlene Muchlach,14
Nick Frost,17
Rajender Sethi,6
Masakazu Morita,7
Fiona Ramsey,2
Richard Gore,11
Kazuya Nakai,7
Jorma Taccone,5
Jamie Bell,17
Tinu Verghese,21
Silvio Pollio,20
Javed Jaffrey,6
Martin Bats Bradford,9
TJ Smith,20
Lateef Adedimeji,12
Peter Parros,11
Johnny Depp,10
Chloe Coleman,8
Craig Bierko,10
Joe Whyte,24
Kevin Corrigan,17
Carol Kane,9
Tuppence Middleton,3
Harry Dean Stanton,10
Ivan Sergei,10
Sandeep Bharadwaj,6
Rermthon Kemapech,26
Kenichirou Matsuda,7
Tom Hiddleston,17
Anjali Patil,6
Mahie Gill,6
Danny Woodburn,8
Gino Vento,5
Terri Douglas,24
Philip Arditti,4
Vic Tablian,17
Molly Sims,10
Matet De Leon,14
Mayuki Makiguchi,7
Xyriel Manabat,14
Alok Nath,6
Charlie Trairat,26
Peeratchai Roompol,26
Rich Fulcher,4
Garry Marshall,24
Taylor Kitsch,4
Tusshar Kapoor,6
Juliet Stevenson,4
Christine Lakin,24
Joe Billingiere,4
Emilio Echevarría,3
Maya Tideman,21
Bimbo Ademoye,12
Indah Permatasari,1
Caner Cindoruk,27
Tim Curry,11
Casey Affleck,16
Mikhail Gorevoy,3
Pamu Pamorada,14
Breeda Wool,15
Alonzo Muhlach,14
Christopher Plummer,10
Gary Busey,10
Adam Rose,19
Madhuri Dixit,6
Puneet Issar,6
Jamie Kennedy,2
Theresa Russell,4
Anand Balraj,6
Hesham Maged,13
Tarık Akan,27
Lai Hing Chan,0
Zarina Wahab,6
Alyssya Swales,20
Omi Vaidya,6
Tobey Maguire,10
Cherami Leigh,20
Ben Whishaw,3
Michael De Pinna,12
Eugene Domingo,14
Daryl Sabara,16
Peter Mullan,17
Annalise Basso,18
Meagen Fay,2
Robinne Lee,9
Rania Yousef,13
Julian Bleach,10
Zeljko Ivanek,4
Lynita Crofford,12
Cybill Shepherd,17
Aksel Bonfil,27
Erdal Tosun,27
Amrita Singh,6
Kıvanç Tatlıtuğ,27
Lyndsy Kail,20
Miley Cyrus,8
Josh Gad,8
Lukman Sardi,1
Worrawech Danuwong,26
Crispin Glover,11
Zach McGowan,2
Nicolas Bro,17
Swara Bhaskar,21
Kevin Costner,15
Irrfan Khan,6
Kevin Wu,0
Ada Ameh,12
Daniel Janks,2
Gage Golightly,5
Hayatem,13
Priyanka Kothari,6
Ava Acres,10
Madeleine Peters,20
Casey Adams,15
Benedict Cumberbatch,17
Lam Ka Tung,0
Chan Pak-cheung,0
David W. Thompson,11
Prachi Desai,6
Mita Vasisht,6
Sushmita Mukherjee,6
Brooke Shields,5
Achita Sikamana,26
Lauren Lapkus,5
Courteney Cox,18
Lindsay Burdge,15
Bill Duke,16
Kate Berlant,5
Daniella Down,12
Jordi Vilasuso,15
Aslam Abad,23
Rowan Atkinson,4
Nkem Owoh,12
Joan Baez,17
Shernaz Patel,6
Zachary Oyama,5
John Hawkes,17
Justin Theroux,11
Noah Fleiss,19
Kwan Ming-yuk,0
Pramod Moutho,6
John Hurt,17
Joonas Suotamo,19
Paterson Joseph,15
Sunil Shetty,6
Janeane Garofalo,5
Frances McDormand,15
Fabian Adeoye Lojede,12
Mason Cook,16
Deepika Padukone,6
Leonard Wu,0
Mason Vale Cotton,8
Surendra Pal,6
Gene Fojtik,6
Ruth Bradley,10
Mohamed Abdel-Rahman,13
Kareena Kapoor,6
Nick Nolte,18
Ayo Akinwale,12
Molly Burnett,8
Yunus Parvez,6
Obba Babatundé,8
Dean S. Jagger,11
Siddharth,6
Tomokazu Sugita,7
J.B. Smoove,9
Niels Arestrup,17
Judy Davis,10
Dusty Sorg,4
Loukia Ioannou,22
Annie Buckley,15
Hugo Weaving,3
Jenifer Lewis,24
Gordon Tootoosis,8
Kean Cipriano,14
Charles Robinson,8
Stephanie Schildknecht,2
J.K. Simmons,4
Kantapat Permpoonpatcharasuk,26
Cristine Reyes,14
Kangana Ranaut,6
Paul Kasey,19
Kentaro Ito,7
Elise Neal,9
Anshikaa Shrivastava,6
Yi Zi,0
Sandhya Mridul,6
Serena Dalrymple,14
Marguerite Wheatley,3
Sachiin Joshi,6
Lau Ching Wan,0
David Yip,17
Avika Gor,6
Carla Gugino,16
Michelle Pfeiffer,18
Tim Kalpakis,5
Angela Bassett,10
William Lacey,11
Dendrie Taylor,15
Diya Mirza,6
Daniel Mays,17
Britt Irvin,20
Jake Short,16
Julianne Moore,3
Polly Walker,4
Craig Fairbrass,2
Joe Spano,3
Rıza Kocaoğlu,27
Rodrigo Santoro,11
Hon Yee-Sang,0
Allan Graf,11
Sameera Reddy,6
Gülse Birsel,27
Gitanjali Dang,21
Janus del Prado,14
Davika Hoorne,26
Russell Brand,18
Samuel Gould,19
John Hennigan,8
Whitney Cummings,18
George Lopez,16
Kishori Balal,6
Anne Suzuki,0
Art Malik,4
Ray Liotta,19
Marco Masa,14
Nicole Oliver,20
Haley Joel Osment,10
Ireti Doyle,12
Donita Rose,14
Bridget Fonda,16
Hamzat Sherifdeen,12
Chachchaya Chalemphol,26
Peter Gerety,9
Zachary Levi,8
Kent Cheng,0
Takanori Hoshino,7
Katherine Heigl,5
Will Brittain,5
Jack McGee,5
Paul Herman,17
Sarah G. Buxton,18
Denny Sumargo,23
Eddie Cheung,0
Tai-Lo Ma,0
Juju Chan,2
Michelle Krusiec,15
Julia Jones,18
Steven Bauer,3
Lacey Chabert,9
Chen Zhi Hui,0
Kathryn Bernardo,14
Eric Keenleyside,2
Bruce Dern,16
Tom Rodriguez,14
Kirk Fox,2
Cassie Clare,2
Sara Wijayanto,23
Ellie King,20
Lupita Nyong'o,19
Nagma,6
Laurence Fishburne,3
Nabil Issa,13
Lassy Marquez,14
Courtney B. Vance,3
Alexa Nisenson,9
Matthew Marsden,2
Hal Holbrook,17
Nabilah Ayu,23
Malcolm McDowell,8
Krish Moitra,21
Cole Hauser,10
Su Kutlu,27
Jonathan Sagall,17
Luis Guzmán,18
Nathalie Baye,17
David Haig,4
Trimala Adhikari,21
David Spade,18
Kevin Eldon,4
Mia Serafino,15
Samir Ghanem,13
Demet Evgar,27
Lara Dutta,6
Rishi Kapoor,6
Toprak Sergen,27
Jon Lovitz,18
John Hannah,4
Anna Chancellor,4
Jack Gilpin,5
Jada Pinkett Smith,3
Nick Searcy,5
Arci Muñoz,14
Carrie Harrington,8
Ka Sang Cheung,0
Bonnie Johnson,11
Büşra Pekin,27
Alfred Thomas II,25
Gary Cole,4
Emily Osment,16
Marton Csokas,15
Olivia Roush,10
Padmavati Rao,6
Wilson Lam,0
Mukesh Tiwari,6
Anang Desai,6
Don Stark,4
Grace Van Patten,19
Luna Maya,23
Neena Gupta,6
Tisha Campbell-Martin,10
Jonathan Holmes,20
Jenna Upton,2
Sandesh Jadhav,6
Ileana D'Cruz,6
Vic Tayback,17
Christine Marzano,2
Bill Romanowski,18
Ayo Adesanya,12
River Phoenix,17
Joey Yung,0
Hunter Ives,25
Dwayne Johnson,24
Blake Clark,18
Stanley Anderson,3
Rachel Griffiths,15
Juliet Rylance,19
Eric Edelstein,11
Dave Engfer,24
Beth Kennedy,24
Ibrahim Shatta,12
Tom Poon,0
Will Yun Lee,3
Roger Ashton-Griffiths,10
Ayo Ogunshina,12
Aaron Kwok,0
Jack Huston,17
Arun Bali,6
Jirayu La-ongmanee,26
Zazie Beetz,16
B.J. Novak,16
Anita Mui,0
Simple Kapadia,6
Varun Dhawan,6
Satchit Puranik,21
Bassem Samra,13
Sean Bean,3
Emilie de Ravin,19
Julian Lewis Jones,3
Renee Stein,22
Sabyasachi Chakraborty,6
Bruce Smith,24
Surekha Sikri,6
Sean Connery,17
Maricel Soriano,14
Divya Dutta,6
Tom Waits,10
Jerry Stiller,18
Sam Golzari,5
Damian Lau,0
Peter Bartlett,24
Paul Giamatti,15
Darshan Jariwala,6
Sushma Seth,6
Suteerush Channukool,26
Stephen Root,2
Mario Gallo,17
Tabu,6
Bruno Kirby,4
Kathy Baker,15
Arbaaz Khan,6
Gerry Bednob,10
Pooja Hegde,6
Dorian Missick,9
Rekha,6
Parvin Dabas,6
Hilary Swank,4
Usha,13
Mesut Çakarli,27
Mary-Kate Olsen,9
Minissha Lamba,6
Princess Martinez,23
Abhishek Bachchan,6
Baron Vaughn,5
Maura Tierney,3
Ashleigh Ball,20
Mark Webber,11
Sammo Kam-Bo Hung,0
Robert Torti,24
Erin Allin O'Reilly,8
Robert Joy,3
Anushka Sharma,6
Jonah Hill,18
Celina Jade,2
Beau Fowler,2
Debi Derryberry,20
Kosei Hirota,7
Liang Tian,0
Parikshat Sahni,6
Harley Quinn Smith,10
Rich Hall,4
Hrithik Roshan,6
Zayed Khan,6
Ron Perlman,9
Taylor Lautner,16
Jeffrey Quizon,14
Danny Chan,0
Vipin Sharma,6
Andrzej Seweryn,17
Mark Wahlberg,17
Eddie Frierson,24
Misaki Kuno,7
Tammy Blanchard,15
Eddie Murphy,9
Sidné Anderson,11
Bindu,6
Tony Todd,2
Michael Jeter,10
Manu Rishi Chadha,6
Paul Sorvino,9
Maria Dizzia,19
Mohamed Saad,13
Clare Grant,10
Adhir Kalyan,9
Çağlar Çorumlu,27
Jerry Lambert,4
Joke Silva,12
John Travolta,16
Tyler Posey,10
Kalki Koechlin,6
Upyendra Limaye,6
Keith Cooper,22
Ronaldo Valdez,14
Kate Higgins,20
Matt Doran,3
Herry Tangdi,6
Amala,6
Meredith Salenger,24
Rif Hutton,24
Merritt Wever,19
Sakshi Gulati,6
Gulshan Grover,6
Evangeline Lilly,10
Michael Roof,3
Joey Russo,3
Shafi Inamdar,6
Johnny Messner,10
Karisma Kapoor,6
Piu Dutt,6
Charlize Theron,15
Saqib Saleem,6
Nicolas Cage,3
Gio Alvarez,14
Morgan Freeman,3
Scott Speedman,3
Tim Roth,16
Edmund Kente,4
Josh Duhamel,9
Brittney Wilson,20
James Cromwell,3
Andrew Lin,0
Omar Gooding,25
Isabelle Daza,14
Sherman Wong,0
Rayver Cruz,14
Michael Toland,25
Jimmy Jean-Louis,12
Sophia Latjuba,23
Steve Rosenbaum,24
Nitish Bharadwaj,6
Michael Keaton,16
Stephen Graham,17
Manish Dayal,11
Gracy Singh,6
Tim Rose,19
Joely Fisher,25
Wendee Lee,20
Adjoa Andoh,3
Jon Heder,8
Irina Kushnareva,6
Scott Bakula,16
André Holland,16
Farrukh Jaffar,6
Xing Yu,0
Robert Patrick,16
Saurabh Shukla,6
Lance Henriksen,8
Emily Watson,17
Arjan Bajwa,6
Sienna Bohn,20
Shubha Khote,6
Ahmet Mümtaz Taylan,27
Şükrü Özyıldız,27
Lane Bradbury,17
Iain McKee,4
Ellen Kennedy,20
Cameron Fuller,11
Bernie Mac,11
Bradley Whitford,15
Mugdha Godse,6
Yuki Kadooka,14
Eva Mendes,9
Haruka Tomatsu,7
Devon Gearhart,16
Joey Lauren Adams,10
Erin Fitzgerald,20
J.P. Manoux,8
Harman Baweja,6
Will Ennis,22
William Jordan,9
Terrence Howard,9
Victor Banerjee,6
Wood Harris,5
Jacky Ido,16
Lisa Edelstein,9
Rachel Shelley,6
Amrish Puri,17
Ralph Garman,10
Jin Auyeung,0
Patrick Lyster,3
Dana Min Goodman,18
Girish Kulkarni,6
Sarah Silverman,5
Gary Lewis,17
Koichi Tochika,7
David Schwimmer,4
Diedrich Bader,8
Benicio Del Toro,16
Daniel Wu,0
Michael Lomenda,3
Ray Winstone,17
Jude Law,10
Shefali Shah,6
Rebecca Miller,19
Elizabeth Marvel,19
Lillete Dubey,6
Kelly Rutherford,22
Damilola Ogunsi,12
Chris Chalk,5
Salli Saffioti,20
Diana Penty,6
Annabeth Gish,11
Teri Hatcher,16
Güven Kıraç,27
Matthew Goode,4
Tom Hanks,17
Alwyn Uytingco,14
Sharon Stone,17
Andy Samberg,5
Jessica Mila,23
Alyy Khan,6
Naomi Watts,9
Steve Buscemi,16
Adam Rothenberg,2
Leila Arcieri,9
Rambha,6
Lalita Pawar,6
İclal Aydın,27
Sonja Sohn,16
Shirley Knight,9
Bree Turner,5
Roxy Nel,2
Jon Cryer,16
Chidinma Ekile,12
Tom Papa,16
Susie Essman,8
Shivkumar Subramaniam,6
Tirso Cruz III,14
Antara Mali,6
Satsuki Yukino,7
Bryce Dallas Howard,11
Patrick Kennedy,17
Sydney Elise Johnson,25
Sonam,6
Kim Dickens,15
Sakina Jaffrey,19
Prasad Purandhare,6
Gayatri Joshi,6
James Russo,4
Amaury Nolasco,2
Preity Zinta,6
Toby Jones,17
Mohanlal,6
Ariadna Cabrol,6
Rati Agnihotri,6
Neetu Chandra,6
Mila Kunis,3
Adam Crew,22
Ying-Ying Yiu,0
Demet Akbağ,27
Vijay Varma,6
Tomás Hanák,10
Showtaro Morikubo,7
Nehir Erdoğan,27
Luke Baines,15
Öner Erkan,27
Randall Park,5
Carlos Paca,6
Esra Bezen Bilgin,27
Prateeksha Lonkar,6
Jessica Lange,9
Ashley Jensen,4
Zac Efron,18
Adesua Etomi,12
David Strathairn,17
Beatriz Saw,14
Kevin Christy,24
Dong Jie,0
Taiwo Obileye,12
Danny Flaherty,19
Robert Forster,16
Rosanna Arquette,16
Randall Duk Kim,3
JC de Vera,14
Rhys Darby,4
Frankie Chi-Hung Ng,0
Mahima Chaudhry,6
Shiv Pandit,6
Drew Barrymore,11
Vinod Mehra,6
Jolie Vanier,16
Tony Jaa,2
Sean Dominic,25
America Young,20
Huma Qureshi,21
Nesta Cooper,20
Aashif Sheikh,6
Silk Road,7
Neha Sharma,6
Bobby Deol,6
Michael Wright,9
Rachael Oniga,12
Barbara Babcock,3
Danny Denzongpa,6
Kevin Kolack,11
Liam Cunningham,17
Zeenat Aman,6
Mohammed Zeeshan Ayyub,6
Joyraj Bhattacharya,21
Savannah Kennick,10
Greg Kriek,2
Jonathan Watton,15
Michael Rapaport,9
James Marsden,18
Tim Herlihy,18
Mohamed Abo El Hassan,13
Nathan Lee Graham,9
Judy Greer,10
Maudy Ayunda,1
Esha Deol,6
David DeLuise,8
Ira Ilva Sari,23
Boman Irani,6
Belçim Bilgin,27
Denise Ho,0
Kris Aquino,14
Ronee Blakley,17
Javed Khan,6
Manisha Koirala,6
Rahul Bhat,6
Nikolai Kinski,15
Sanjay Mishra,6
Kevin Nealon,9
Heather Locklear,9
Henry Winkler,18
Thomas Kretschmann,3
Anthony Anderson,17
Jeremy Piven,16
Amit Sial,6
Richa Chadda,6
Tanya van Graan,2
Peter King Nzioki Mwania,12
James Gandolfini,3
Ethan Yang,22
Piaa Bajpai,21
Dillon Fontana,8
Patrick Stewart,11
Sola Sobowale,12
Bruce Willis,16
Chantavit Dhanasevi,26
Kenneth Chan,0
Bill Hader,5
Dan Futterman,3
Daran Norris,8
Rob Edwards,24
Mie Sonozaki,7
Lauren Lavoie,20
Divyendu Sharma,6
Michael Bolton,5
Cheech Marin,16
Amanda Clayton,4
Joni Mitchell,17
Karen Slater,22
Sebastian Maniscalco,17
Jonathan Morgan Heit,18
Akim Mogaji,12
Vidyut Jamwal,6
Andreuw Parinussa,1
Chris Tucker,16
Peter Yarrow,19
Laura Kightlinger,9
Satoshi Hino,7
Traci Lords,10
Tiffany Kathryn,20
Mark Ivanir,17
Mary Holland,5
Michael Trucco,3
Brandon Routh,10
Ali Rabee,13
Kenji Nojima,7
Jennifer Waris,20
James Franco,4
Nicholas Colasanto,17
Badjie Mortiz,14
Tom Skerritt,10
Konkona Sen Sharma,6
Helen Kim,16
Common,9
Dawn Zulueta,14
Ryan Gaul,5
Nesreen Ameen,13
Cathy Cliften,9
Anant Jog,6
Nitin Reddy,6
Devrim Yakut,27
Jon Favreau,8
Amruta Subhash,6
Arvind Goswami,6
Jagdeep,6
Derek Richardson,8
Christina Cole,3
Madhavi Singh,6
Kaitlyn Leeb,22
Amara La Negra,25
Tim Hodge,8
Mary Kate Schellhardt,11
Khalil Ramos,14
Neil Innes,10
Mayling Ng,2
Juliette Lewis,11
Vikri Septiawan,1
Fairuza Balk,18
Randy Quaid,9
Terence Blanchard,24
Thomas Barbusca,9
Matthew Kimbrough,5
Kaz Sawamura,26
Derry Drajat,23
Scarlet Rivera,17
Bill Murray,11
Kiran Kumar,6
Graham Chapman,10
Frank Langella,8
Adam Horovitz,19
Dolly Shahin,13
Vic Chou,0
Rupert Frazer,4
Jimmy Bennett,16
Patrick Duffy,22
Gary Sinise,8
Todd Cummings,8
Julie Hagerty,19
Shah Rukh Khan,6
